Product ID|Image Filenames
1|Odpieniacz-do-piwa-38-cala.jpg
2|bc32809ca16b6ba57ea6dada1023248f.jpg
3|05c78a1d9a1be5bf3057724f175f931d.jpg|f33b23bbd10c7811774d692f60f961cf.jpg
4|Beczka-debowa-typu-bag-in-box-3l.jpg|Beczka-debowa-typu-bag-in-box-3l.jpg
5|Platki-debowe-francuskie-FR-EVO-High-Spice-20g.jpg
6|ARE-S-028-productGfx___overlay_500_500.jpg
7|bf98223e01854ff9834309db886556d6.jpg
8|8650c6b2015a2a0166396184e639ab1b.jpg
9|458118635dcec31c4e2beb6c6126f6cb.jpg
10|Beczka-debowa-typu-bag-in-box-5l.jpg|Beczka-debowa-typu-bag-in-box-5l.jpg
11|Esencja-do-alkoholu-Strands-MISSISSIPPI-LIQUEUR-25ml.png
12|Zaprawka-do-alkoholu-aromat-Mia-Theresa.jpg|691236687d8f32734807dbd982e796d2.jpg
13|5931.jpg
14|8251e463e946161567b82518a3841626.jpg
15|Platki-debowe-francuskie-FR-EVO-French-Barrel-High-Vanilla-20g.jpg
16|Zaprawka-do-alkoholu-aromat-do-wodki-Triple-Sec.jpg|ddc7d0362dc9a03e47b4a814ea5dc48e.jpg
17|683761f6a38ef3184f1d9bdfef906a04.jpg|a41ddb512233dc38aaf6331610f54c1d.jpg
18|bc61484fc42ff99aaf8ab7dfe5262131.jpg
19|Rurka-fermentacyjna-Duplex-1_002.jpg|Rurka-fermentacyjna-Duplex-1-1.jpg
20|3cea5e5dee5b57ad7c8df3dc1b48e473.jpg
21|143259b109b3d463d70dd56600203db8.jpg
22|Glukoza-dextroza-torba-1kg.png
23|FILLUP-Esencja-do-alkoholu-WARTGAS---500ml.jpg
24|HURT-25szt.-Drozdze-gorzelnicze-turbo-SpiritFerm-Extreme-8.png|fb5a33c3cc2bea43440e33d2742fa4eb.jpg
25|HURT-25szt.-Drozdze-gorzelnicze-turbo-Coobra-Basic-T3.png|04016b4b761e3b6cea1d05ebae451aa5.jpg
26|Coobra-48-hurt.png|a50cee26863799228d1d3fe7502ef857.jpg
27|Coobra--24-hurt.jpg|Coobra-24.jpg
28|HURT-10szt.-Drozdze-turbo-Coobra-Mega-Pack-100l.png|46b33a2089a14e1803073369b7ca1dfc.jpg
29|Coobra-6_hurt.jpg|Coobra-6.jpg
30|HURT-10szt.-Drozdze-gorzelnicze-turbo-Coobra-Whisky.png|Drozdze-gorzelnicze-COOBRA-WHISKY-YEAST---AMG.png
31|Moska-Style-hurt.png|Drozdze-gorzelnicze-SpiritFerm-Moska-Moskva-Style-6-8kg-cukru%2C-do-20.jpg
32|Coobra-Basic-48-hurt.png|2c6a08eb0c786f04d162ca8588c14067.jpg
33|Coobra-7-hurt.png|Coobra-7.png
34|3418d3a9753c97fec5eb703a114d9b6d.jpg
35|16ecaaf390a91a67cea35008d8cbe361.jpg
36|f21057bf14f583d7c85bc81f432e4521.jpg
37|975627bb01e161819bb49ddc79b654dc.jpg|72c6aa086bccc49e43d401bb939517d3.jpg
38|2657d7f462b27abc35b13dca3789303f.jpg
39|0158cb615eb03a8a5095282316c6352d.jpg
40|2903534bb35f6bace23aff2b28dd014c.jpg
41|d979cce30c774500618e6055d6c4d149.jpg
42|447b2a91d99fc2650a0e05bd10deffc1.jpg
43|Robimy-wino-dobre-i-domowe.jpg
44|Etykieta-Malina-OVAL---mala.jpg
45|Etykieta-Mix-owocowy-OVAL---mala.jpg
46|Etykieta-owalna-borowka.jpg
47|Chitin-1L.jpg
48|7071894c371ea707f4ddd8d0bee485af.jpg
49|8f774066f655ccc648472aa19179f471.jpg
50|Etykieta-Wisnia-OVAL---mala.jpg
51|Etykieta-Sliwka-OVAL---mala.jpg
52|Etykieta-owalna-cytrynowka.jpg
53|41361c797834163cb4aaf5d1b7699181.jpg|06b0b446bb407123bb8b2cd1cda1a701.jpg
54|SpiritFerm-SUPERKLAR-24h.png
55|a05f10e3b5b9f13bfc44750adebaed12.jpg|176b719c9cf35cc1b83b3843941e98a5.jpg
56|dbe0caea252300f9a8c8c6130a0c0453.jpg
57|Etykieta-Jablko-Retro-OVAL---mala.jpg
58|aab6454464b25806621890ab57a95d2d.jpg
59|Etykieta-owalna-jablko.jpg
60|Etykieta-Trunek-Domowy-Bahus-OVAL---mala.jpg
61|Etykieta-owalna-owoce-egzotyczne.jpg
62|0e57f2f3059392e9a5a59ad3f2c011aa.jpg
63|Cherry-Brandy-5l.jpg
64|Still-Spirits-Distillers-GLUCOAMYLASE-12g.png|Still-Spirits-Distillers-GLUCOAMYLASE-12g.png
65|9bebd26572e881398cd8d91d5e4a9c22.jpg
66|TENISSEE.png
67|I-Cream-5l.jpg
68|Esencja-do-alkoholu-Strands-Gremaxa-Greckie-Brandy-25ml.png
69|a9bae4ed9ff4c4d47c0175225d304902.jpg
70|cb35da733ca514ec1e9dbb1f7b2ace2c.jpg
71|Klarmedel-24h---super-skuteczny.jpg
72|SMOKED-WHISKY.png
73|BORBON.png
74|BALTMORE.png
75|Still-Spirits-Distillers-ALPHA-AMYLASE-12g.png
76|de3e47e79d3efc0ec219930b8204ad16.jpg
77|Gremaxa-5l.jpg
78|dcd34da13e23fd063cc0b59fdfcf0a9b.jpg
79|GREMAXA.png
80|0762ae70c4a2910f065d583ba59744b3.jpg
81|Etykieta-MODERN-NALEWKA-WISNIOWA.jpg
82|Etykieta-MODERN-NALEWKA-OWOCE-LESNE.jpg
83|Destylator-AABRATEK-OVMLM-z-wziernikiem-30L.jpg|DSC_0116.jpg
84|Etykieta-OLD-MOONSHINE.jpg
85|Jamaica-Rom.png
86|Etykieta-MODERN-NALEWKA-DOMOWA.jpg
87|cd7aab0c5271a1a601da3cc163eb06ba.jpg|b42b1d32d8b3d660b543250488d1f6cf.jpg
88|Etykieta-MIOD-PITNY-SLOIK.jpg
89|AlcoPro-100l-MegaPack.jpg|Drozdze-AlcoPro-T48-MegaPack.jpg
90|Drozdze-AlcoPro-T48-9kg.jpg
91|Destylator-AABRATEK-OVMLM-z-wziernikiem-50L.jpg|DSC_0116.jpg
92|Etykieta-MODERN-NALEWKA-CYTRUSOWA.jpg
93|Etykieta-OLD-NALEWKA.jpg
94|b047e61d2526db870996161cda2fca12.jpg
95|Etykieta-MODERN-NALEWKA-CYTRYNOWA.jpg
96|Etykieta-OLD-TRUNEK-DOMOWY.jpg
97|5919a2e842181430f2433ab699c9c064.jpg
98|Wegiel-aktywny-STORMS-wegiel-kokosowy-2-pak.jpg|Wegiel-aktywny-STORMS-wegiel-kokosowy-2-pak.jpg
99|5f95eee8fc4ebee86e18bb2a307b0519.jpg
100|Wegiel-aktywny-SNABBKOL-1%2C7L--1szt.png
101|Wegiel-aktywny-Coobra-wegiel-kamienny.png
102|Etykieta-TRUNEK-DOMOWY-CZARNO-ZLOTA.jpg
103|f06bd644c8188ff5dff283f82094d9b1.jpg|da84770b2ad293e138c1c1da53149bb3.jpg
104|96ca59c96afdcf414ad512caec6ad27d.jpg
105|Wegiel-aktywny-BG09-SUPER-wegiel-kamienny-1%2C7l.png
106|Dary-Natury-Trawa-cytrynowa-20g.png
107|Wegiel-aktywny-Fantom-wegiel-kamienny.png
108|ac6ac0ecaf15da4d8f0316a4773f680b.jpg|8780aa7e4fa3f6adaf95b846910292a6.jpg
109|Wegiel-aktywny-kamienny-FANTOM--12%2C5kg.png
110|7921f63288dcb50e8c6f02112c76402c.jpg
111|Esencja-do-alkoholu-Strands--Pigwa-Pigwowka-25ml.png
112|dafaea11df7625bca9f4d9ee198b77aa.jpg|25ce5595c7a6b34293e104c902802ca7.jpg
113|e71e833254792302927e85c8b4bf8c10.jpg|586cad7ad0236e7d997224d10e3dfe5c.jpg
114|f23daa4186b12044e9c59017ddc087f0.jpg|6fd613e7deac5dfd56fa45cc8cf53abb.jpg
115|Wegiel-aktywny-kokosowy-STORMS-1%2C7l.png
116|Mango-Passion-25ml.png
117|caac8015862dc0184073b8afe37063e5.jpg|ba780316c8a3d853d7e7f3a275d2080e.jpg
118|bd667c50c57d986269b7e215e640772a.jpg|93523980d3cf092faf49c398a3b9747f.jpg
119|f4ab158fd1ae21092aadd08e126a3502.jpg|d16512cc69e6c4af0f9e1bfb84d95090.jpg
120|2c6a08eb0c786f04d162ca8588c14067.jpg
121|d63fd195188250fde7c4100fb02b25d1.jpg
122|e969da70ad64dd8060a67c4b61014a7c.jpg|bdf79b32c03a218187b8af6d4d7a83a4.jpg
123|Esencja-do-alkoholu-Strands-Jarzebinowka-Jarzebinowa-25ml.png
124|8de21c39e80dd747b18d027a3af8e757.jpg
125|Mango-Passion-Vodka-25-ml.png
126|c0cc91e5e4e15dbf4b8e5d21d164bc6f.jpg
127|Esencja-do-alkoholu-Strands-Brandy-Espanol-25ml.png
128|020a298a4acb6d42bf069814c43adbf1.jpg|5ee9e57d5b1a27e9fc182d72f57eeb22.jpg
129|5012b8221050dd2e36f51573d7a45262.jpg|2ae0fde1ef7b44bc9c0e209809896331.jpg
130|9204f1705389c0caef595e45c695208d.jpg|501f0996146820e6ccb1f136d2fc3575.jpg
131|846e3854276d29d5f997ca6003bf1271.jpg
132|Esencja-do-alkoholu-Strands-Bitterovka-25ml.png
133|04016b4b761e3b6cea1d05ebae451aa5.jpg
134|APPLE-BRANDY.png
135|Biow-destylator-szybkowar-12l.jpg
136|Drozdze-turbo-SpiritFerm-Top-Ferm-Pro-6-9KG--21%2C5.png
137|Esencja-do-alkoholu-CandyShot-BLA-FISKAR-250ml.jpg
138|Drozdze-turbo-SpiritFerm-Top-Ferm-Pro-Big-Pack-100L.png
139|866fb2ecafa1a107f12d5620ce07e722.jpg
140|Esencja-do-alkoholu-CandyShot-GELEHALLON-250ml.png
141|Spiritferm-Whisky.jpg|Spiritferm-Whisky-rew.jpg
142|biowin-destylator-30l.jpg
143|Apeoretto-25-ml.png
144|biowin-destylator-18l.jpg
145|SF-Koji.jpg
146|Drozdze-turbo-SpiritFerm-TC6-BlackMagic-z-weglem.png|146b937fda7e6e199bdff9020d1e7df8.jpg
147|Drozdze-PRO500-Turbo-Mix-1%2C7kg.jpg
148|Coobra-TURBO-CLEAR-24h.png
149|Zaprawka--barwnik-spozywczy-KARMEL.png
150|e5c6849edeacfd305e94a9c7814338db.jpg
151|Curkromierz--wskaznik-do-cukru-GOMAR--5-35Blg-PL.png
152|b8097880ac236c2be540adefe8358635.jpg
153|de228f9ff96607b51fb08ed54c7269d0.jpg
154|0a135ea2fde79d7253ba355054a0fa16.jpg
155|7cc1f10c17566b39db28797dbbd167ed.jpg
156|5e3396eb5c6bed45ab13e93b23ce2a4b.jpg
157|Ala-Szarlotka-.jpg
158|6960f3257db9fb6261339b719c0f17da.jpg
159|Esencja-do-alkoholu-CandyShot-GRADDKOLA-250ml.png
160|0b264ad16fafccf153434df955779073.jpg
161|Esencja-do-alkoholu-CandyShot-HALLON-LAKRIST-250ml.png
162|dary-018-Jalowiec-30G-Kartonik.jpg
163|Esencja-do-alkoholu-CandyShot-VIOL-250ml.png
164|552387fb0c342d4640d631e38933103e.jpg
165|Koncentrat-owocowo-ziolowy-Profimator-Grzaniec-Jurajski-300ml.jpg
166|52f4e0cb95fa758b675e38252fd651c5.jpg
167|ares397-ZOL-KRZEMOWY-PASE-J-KISELSOL.jpg
168|Koncentrat-owocowo-ziolowy-Profimator-Waldmaister-300ml.jpg|Profimator_300ml_tyl_waldmaister.jpg
169|b6725b608829302bb13684dc0df9d94c.jpg
170|Grzaniec-zimowy.jpg|Grzaniec-zimowy-receptura.jpg
171|Koncentrat-owocowy-Profimator-Malinowy-300-ml.jpg|Profimator_300ml_tyl_malina.jpg
172|Koncentrat-owocowy-Profimator-Wisniowy-300ml.jpg|Profimator_300ml_tyl_wisniowka.jpg
173|Koncentrat-Owocowy-Profimator-Pigwa-300ml.jpg|Profimator_300ml_tyl_pigwa.jpg
174|a7f4dc602dd2999465faa5ce4fdb2d3c.jpg
175|Profimator_sliwka.jpg
176|Koncentrat-owocowy-Profimator-Pomarancz-Cytryna-300ml.jpg|cyt-pom_300ml_2022_tyl.jpg
177|mojito-.jpg
178|Koncentrat-Profimator--Irish-Coffee-Cream-300ml.jpg|Profimator_300ml_tyl_irish_coffee.jpg
179|Koncentrat-Profimator-Slony-Karmel-300ml.jpg|Profimator_300ml_tyl_karmel.jpg
180|Koncentrat-owocowy-Profimator-owoc-Granatu-300ml.jpg|Profimator_300ml_tyl_granat.jpg
181|Koncentrat-owocowy-Profimator-Cytrynowy-Limonce-300ml.jpg|Profimator_300ml_tyl_cytryna.jpg
182|Koncentrat-Profimator-Czekolada-Mleczna-300ml.jpg|czekolada_300ml_2022_tyl.jpg
183|Koncentrat-Profimator-Orzech-Laskowy-300ml.jpg|orzech_300ml_2022_tyl.jpg
184|Koncentrat-owocowy-Profimator-Mango-Marakuja-300ml.jpg|Profimator_300ml_tyl_mango.jpg
185|Koncentrat-owocowy-Profimator-Porzeczkowy-300ml.jpg|Profimator_300ml_tyl_porzeczka.jpg
186|Koncentrat-Profimator--Coconut-kokosowy-Cream-300ml.jpg|Profimator_300ml_tyl_kokos.jpg
187|Koncentrat-owocowy-Profimator-Truskawka-300ml.jpg|truskawka_300ml_2022_tyl.jpg
188|Sitko-Fi120-zwykle-KOL-B-032.jpg
189|aa251819861252beefde68f87b7ac8dd.jpg
190|52a65c778c2e488d7e14ebd3867d3aac.jpg|380f5ab4a0d94162574cca77e6f6aa62.jpg
191|Sitko-Fi60-geste-KOL-B-041.jpg
192|280551b92387bdb424e0c091756ea961.jpg|f72c379f421df6f0941e388bfea922ca.jpg
193|aa2eeafd0b7ab5499b5a7cd231ce57a9.jpg
194|Sitko-Fi-60-zwykle-KOL-B-031.jpg
195|1d6ab4736047720570a2cb018138b97a.jpg
196|ino-x-121-02139-taboret-gazowy-8%2C5kw.jpg
197|4d7cc12cba7803b2954e54b7e8e06338.jpg|e5d9339a3a1b384c096064da56a1727a.jpg
198|Sitko-Fi-250-zwykle-KOL-B-033.jpg
199|20652ac1558827126fe8320de23f7f3c.jpg|30b6c0cab5b522633fa624f231fb9ab7.jpg
200|Sitko-Fi-250-geste-KOL-B-043.jpg
201|d65af2a1c9deca973cc5f1e482482192.jpg
202|557f42ff431d639a1ad69f52357423c1.jpg
203|281d67b06a6bb894942c0461e31194b7.jpg|1c76758bef4d768161f034e67b850b08.jpg
204|Sitko-Fi-120-geste-KOL-B-042.jpg
205|2f703a180f0e62f7b1569ce8c5900c86.jpg|568cefefef2f22252300066041537b24.jpg
206|Beskid-Slivovitz-5l.jpg
207|Zmywak-spiralny-miedziany-40g---100-miedz.jpg
208|01874601cd5c0272215502ba42f6b62b.jpg
209|MM-Jamica-Rom.jpg
210|Esencja-do-alkoholu-Strands-Light-Rum-50ml.png
211|Wskaznik-do-cukru-PLATO-0-25P.jpg|Wskaznik-do-cukru-PLATO-0-25P.jpg
212|f22c98e5ee1c4b7c22427d176386dc05.jpg
213|598db51bf276f9b338435e59d7a76849.jpg
214|Esencja-do-alkoholu-Strands-Gruszka-Williamsowka-25ml.jpg
215|9a2112a43b6edf883b9e9b322f072790.jpg
216|Zbiornik-30L.jpg
217|Tenissee-25-ml.png
218|0f712a20c000a5d74eec3f9f991701ee.jpg
219|Zelatyna-plynna-10g.jpg
220|0173816546ecf18100d591bf2d9c04ef.jpg
221|68b01d49401106c8fbfffe4b2ec10844.jpg
222|Baltmore-Whisky-SF-5l.jpg
223|c1a9d28d98c95d923ea0c2bcbd3e8626.jpg
224|Exclusive-Brandy-Style-Flavour.jpg
225|Cherry-Vodka-5l.jpg
226|Smoked-Whisky-Style-Flavour-Exclusive.jpg
227|Pigwa.png
228|Exclusive-Fine-Brandy-XO.jpg
229|GRUSZKA.png
230|Cheval-Whisky.jpg
231|Esencja-do-alkoholu-Strands-Exclusive-Red-Italian-25ml.png
232|Single-Malt-Whiskey-Style-Flavour.jpg
233|3c0872f4571306b562605d2b0fc19cd1.jpg|5557c4dacc9717f213afd205643b0cf3.jpg
234|Brandy-Style-Flavour-Nonne-Noir.jpg
235|Marty-Romin.jpg
236|COCOS-R.png
237|Esencja-do-alkoholu-Strands-Blue-Curacao-25ml.jpg
238|Esencja-do-alkoholu-Strands-Blue-India-Gin-25ml.png
239|Esencja-do-alkoholu-Strands-Cocos-Rum-25ml.png
240|Kaffelikor-5l.jpg
241|Orzech-laskowy-5l.jpg
242|Anyzkowa-25ml.jpg
243|Baltmore-25ml.png
244|Esencja-do-alkoholu-Strands-PARON-COGNAC--Koniak-Gruszkowy--25ml.png
245|Esencja-do-alkoholu-Strands-Polska-Cytrynowka-25ml.png
246|Esencja-do-alkoholu-Strands-Green-Banana-25ml.png
247|Esencja-do-alkoholu-Strands-ABSINTHE-Absynt-25ml.png
248|Esencja-do-alkoholu-Strands-Orzechowka-orzech-Laskowy-25ml.png
249|Anisette.png
250|Mild-Brandy-25ml.png
251|Apfelcorn-25-ml.png
252|Esencja-do-alkoholu-Strands-likier-MIA-THERESA-25ml.png
253|Esencja-do-alkoholu-Strands-Apple-jablkowa-Vodka-25ml.png
254|Esencja-do-alkoholu-Strands-Lime-Vodka-wodka-limonkowa-25ml.png
255|Zaprawka-Esencja-do-alkoholu-STRANDS-Amaretto-25ml.png
256|Esencja-do-alkoholu-Strands-Grejpfrutowa-Wodka-25ml.png
257|I-Cream-25ml.png
258|Zaprawka-Esencja-STRANDS-Lemon-cytrynowy-Rum-25ml.png
259|Apple-Brandy-25ml.png
260|Zaprawka-Esencja-STRANDS-Wodka-Zubrowka-25ml.png
261|Esencja-do-alkoholu-Strands-Cuba-Dark-Rum-25ml.png
262|Esencja-do-alkoholu-Strands-Wisniowa-Cherry-Brandy-25ml.png
263|Esencja-do-alkoholu-Strands-Dansk-Bitter-25ml.png
264|Cherry-Borbon-25-ml.png
265|Esencja-do-alkoholu-Strands-porzeczkowa-Currant-Vodka-25ml.png
266|Esencja-do-alkoholu-Strands-Sliwowica-Beskid-Slivovits-25ml.png
267|Zaprawka-Esencja-STRANDS-Hans-ciemny-Rum-25ml.png
268|Esencja-do-alkoholu-Strands-Czekoladowa-Migdalowa-25ml.png
269|Esencja-do-alkoholu-Strands-Citron-Vodka-25ml.png
270|Esencja-do-alkoholu-Strands-Wodka-Likier-Wisniowy-Cherry-25ml.png
271|Zaprawka-Esencja-STRANDS-Engelsk-Dry-Gin-25ml.png
272|Esencja-do-alkoholu-Strands-Wodka-Malinowa-Hallon-Vodka-25ml.png
273|Borbon.png
274|Esencja-do-alkoholu-Strands--Inlander-Ciemny-Rum-25ml.png
275|Esencja-do-alkoholu-Strands-Grappa-25ml.png
276|Esencja-do-alkoholu-Strands-Coffee-Vodka-Espresso-25ml.png
277|Old-Talpan.png
278|Esencja-do-alkoholu-Strands-Jamaica-bialy-Rum-25ml.png
279|Esencja-do-alkoholu-Strands-KAFFELIKOR-likier-kawowy-25ml.png
280|Zaprawka-Esencja-STRANDS-Jamaica-Rum-ciemny-25ml.jpg
281|Zaprawka-Esencja-STRANDS-Light-bialy-Rum-Superior-25ml.png
282|Zaprawka-Esencja-STRANDS-Mandarin-Vodka-25ml.png
283|Esencja-do-alkoholu-Strands--Inlander-Ciemny-Rum-25ml.png
284|Esencja-do-alkoholu-Strands-Cherry-Bourbon-25ml.png
285|Esencja-do-alkoholu-Strands-Hot-Shot-25ml.png
286|Esencja-do-alkoholu-Strands-London-Gin-25ml.png
287|Esencja-do-alkoholu-Strands--Mild-Dry-Gin-25ml.png
288|Lakrits-Peppar.png
289|Esencja-do-alkoholu-Strands-JaktSnaps-Jager-25ml.png
290|Esencja-do-alkoholu-Strands-LIKIER-45-25ml.png
291|Esencja-do-alkoholu-Strands-Wodka-ZURAWINOWA---Lingon-25ml.png
292|Esencja-do-alkoholu-Strands-Debowa-debowka-25ml.jpg|35cbd9cc8e75201731a8e0294b35ab9f.jpg
293|Esencja-do-alkoholu-Strands-Melon-Vodka-25ml.png
294|Esencja-do-alkoholu-Strands-Brzoskwiniowa-25ml.png
295|Esencja-do-alkoholu-Strands-Sznaps-Czarna-Porzeczka-25ml-id-1187.png
296|MM-Cascade-Lakes-Whisky.jpg
297|Esencja-do-alkoholu-Strands-mietowa-Peppermint-Vodka-25ml.png
298|Esencja-do-alkoholu-Strands-RUM-RAZZBERRY-rum-malinowy-25ml.png
299|Esencja-do-alkoholu-Strands-Raki-Anyzowa.png
300|Esencja-do-alkoholu-Strands-VANILJ-waniliowa-Vodka-25ml.png
301|Esencja-do-alkoholu-Strands-Sweet-Bitter---Polska-Gorzka-25ml.png
302|Zaprawka-Esencja-STRANDS-Tequila-Gold-25ml.png
303|Esencja-do-alkoholu-Strands-Mild-Dry-Gin-50ml.png
304|Esencja-do-alkoholu-Strands-Currant-przeczka-Vodka-50ml.png
305|Esencja-do-alkoholu-Strands-Cuba-Dark-Rum-50ml.png
306|Zaprawka-STARZA-18.png
307|Esencja-do-alkoholu-Strands-TRIPLE-SEC-25ml.png
308|Baltmore-50-ml.jpg
309|Esencja-do-alkoholu-Strands--Citron-cytrynowa-Vodka-50ml.jpg
310|Zaprawka-Esencja-do-alkoholu-STARNDS-Tequila-Silver-25ml.png
311|Esencja-do-alkoholu-Strands-Plum-Brandy-Slivovits-25ml.png
312|ARE-S-205-productGfx___overlay_500_500.jpg
313|MM-Engelsk-Dry-Gin.jpg
314|Esencja-do-alkoholu-Strands-Amaretto-250ml.png
315|SLIVOVITZ.png
316|MM-Smoked-Whisky-Style-Flavour.jpg
317|Esencja-do-alkoholu-Strands-Cherry-Vodka-Wisniowa-250ml.png
318|Esencja-do-alkoholu-Strands-Orzechowka-Laskowa-orzech-laskowy-250ml.png
319|Long-Blend-Whisky.png
320|MM-Mild-Brandy-Style-Flavour.jpg
321|Cherry-brandy.png
322|XO-Fine-Brandy-Flavour.jpg
323|SWEET-LEMON.png
324|I-Cream-2.png
325|CURRANT.png
326|ARE-S-119-productGfx___overlay_500_500.jpg
327|HONEY.png
328|Williams-Paron-Vodka-5-l.jpg
329|Whisky-12-letnia.jpg
330|7cfafee24978a096430bf8dfb0302590.jpg
331|dd9ba8d8e3e09285cca3320b1d61e6db.jpg
332|PLUM-BRANDY.png
333|Browin-wskaznik-zawartosci-alkoholu-duzy.jpg
334|0328fcb5f4949a31e504c24af6fe4011.jpg
335|705a66c32648bf4ac51102142ea35598.jpg
336|d203dda173a2b9c972d12fbff2caa333.jpg
337|Odstojnik-bez-wypelnienia.png
338|Kaffelikor.png
339|Deflegmator-z-wypelnieniem.png
340|8ff88a55c00a69f02f19100e8099a72b.jpg
341|Browin-alkoholomierz-z-termometrem-0---100.jpg
342|0ff6cc368c49f1fe2e32c375bbd3da38.jpg
343|MILD-BRANDY.png
344|Browin-alkoholomierz-maly--0---85.jpg
345|72d3fbe92764466d0d3d36c184cf907c.jpg
346|Esencja-do-alkoholu-Strands-Zurawinowa-250ml.png
347|Esencja-do-alkoholu-Strands-Sweet-Bitter-Polska-Gorzka-250ml.png
348|ba8d820adcb8d15b6cc91724032b6599.jpg
349|9d36d5f06fdca62a7b20fbe79a82f87d.jpg
350|Coobra-24.jpg
351|3d0705790bd061b3979e00f920f5bc25.jpg
352|0595077e5cc1c20793b396dc03b3ff3b.jpg
353|5ac00bdb3c3c5d824fd9f4f58275eb74.jpg
354|ce49c9b646e0e688376826a213230592.jpg
355|Coobra-6.jpg|Coobra-6-b.jpg
356|Coobra-7.png
357|Drozdze-gorzelnicze-COOBRA-WHISKY-YEAST---AMG.png
358|Drozdze-gorzelnicze-SpiritFerm-Moska-Moskva-Style-BigBag-1%2C4kg.jpg
359|fb5a33c3cc2bea43440e33d2742fa4eb.jpg
360|Drozdze-gorzelnicze-SpiritFerm-Moska-Moskva-Style-6-8kg-cukru%2C-do-20.jpg
361|19e3f2f302c93fce1607ea475f954cf9.jpg|c5c4ee3967a014114f8e26014f92fc94.jpg
362|485e77fb471b95e2b50bcaf0a8d2bd49.jpg
363|2970931f6a755d3b5f8566cc05a3d64c.jpg
364|46b33a2089a14e1803073369b7ca1dfc.jpg|cb392649a722a7600dde8138222a6008.jpg
365|Coobra-Turbo-Fruit.png
366|Drozdze-gorzelnicze-GULD-Old-Grands-Turbo.jpg
367|fa802b5fd9f6f7cff41adafb7cc1db31.jpg|84fbaaac62da26a32c5e085a9882b356.jpg
368|FILLUP-esencja-do-alkoholu-Blue-Curacao---500ML.jpg
369|b199b017cf6d4fff6aa841b27f841308.jpg
370|FILLUP-do-alkoholu-HotShot---500ml.jpg
371|FILLUP-Esencja-do-alkoholu-APRICOT-BRANDY---500ml.jpg
372|90d664da274c3668a89425a54ff001e1.jpg
373|Aromat-do-wodki-zaprawka-likier-wisniowy.jpg|85bcff31968552c9e36d1b946f60bd20.jpg
374|67acb831fb29c7e1b2f8ed28265a5cd3.png|Etykieta-Mikolaj.jpg
375|Zaprawka-do-wodki-aromat-Amaretto.jpg|8073ed9c6fbdd22a9e51f639d30e0ec1.jpg
376|Drozdze-T-Vodka.jpg
377|251e4a3c36a7561bbcfe1106471bdf38.png|etykieta-Mikolaj-zyczenia.jpg
378|052137b5cad3dbb248a1eb73cf9ad5d1.png|Etykieta-Wianek.jpg
379|3bdd478e5c50fb0994433a681974ef46.png|Etykieta-zielona-zyczenia.jpg
380|FILLUP-Esencja-do-alkoholu--Kaffelikier--500ml.jpg
381|b10be53f056a7ad280291072317a9917.jpg
382|45bf74e8a5aa0fb78b34c92d168058ba.png|Etykieta-prezenty.jpg
383|3287239f4f54756d0c1e77c3cf2e83d9.jpg|8e954338818947e5650715e6ed112e8d.jpg
384|FILLUP-Esencja-do-alkoholu-IRISH-CREAM---500ml.jpg
385|94932bd2fd3ec82eeb5d4916bcbc982d.jpg|0fdde811df49a7d28e559712386d7ff7.jpg
386|FILLUP-Esencja-do-alkoholu-Green-Banana---500ml.jpg
387|FILLUP-Esencja-do-alkoholu-LAKKA---500ml.jpg
388|276f70f9ae55d102200944985a1d5c2e.jpg
389|FILLUP-Esencja-do-alkoholu-Red-Italian---500ml.jpg
390|08c36bc100cc7872796961980526b237.jpg
391|FILLUP-Esencja-do-alkoholu-HEGGBEAR---500ml.jpg
392|FILLUP-Esencja-do-alkoholu-Likier-45-500ml.jpg
393|Zaprawka-do-alkoholu-aromat-do-wodki-Sambuca.jpg|e3249a4fb50130973155fea9e6d97398.jpg
394|Zaprawka-do-alkoholu-likier-bananowy.jpg|77e9b94a3d1bc7a8f9b077eb46ad2db0.jpg
395|FILLUP-Esencja-do-alkoholu-Sliwkowy-SORTPLOMME-500ml.jpg
396|gorzka-ziolowa.png
397|Bursztyn-na-nalewke-bursztynowa---butelka-FRASCA-100ml.jpg
398|898e480f7ff80e8e7c145a34c93fecb0.jpg
399|9f141e4e9f2cb760913376a47809f12c.jpg
400|Miodownik-Melisowaty-Bukwica-na-2L.png
401|804d73f7d4054b021c7c5a4b03201193.jpg|Podnoszaca-odpornosc--szablon.jpg
402|Nalewka-bursztynowa-butelka-piersiowka-200ml.jpg
403|2781b84978b55183748731e9d706c884.jpg|7019ea8801fa99c056c36e9a475b9bbe.jpg
404|b82e62423025fccc7a18c1d95e67bf54.jpg|78cf5d7d799d85da8317829a05432c85.jpg
405|5029075b9946b0e83a3ad3306b55c204.jpg
406|4770cc6e6ec51000a910adee1806a4f0.jpg
407|d6144e3743c53ce28b6846e0dc33fd6e.jpg|b2d56d5822c41847e75281fceab51a0f.jpg
408|8c862fb4c44e6731b7eb437285128e52.jpg
409|Pektoenzym---Pektopol-w-plynie.png
410|809d42557b0d6100cbd2a8592a606ab5.jpg|4fcb68143cec10fbd8cc84198218631e.jpg
411|1e2e482e02cb1e76501a845d1c30ca93.jpg|d818c2543af083c595bbad7901a05262.jpg
412|320db6b79738d8e30ff79cc55cb57328.jpg
413|97dab6da5e641df1792cac76de5c3901.jpg
414|5d54f7bf2742bb2e4431848d08563d47.jpg|ae75ed9aaa4e592ca42dcc9eb316e6a7.jpg
415|Wegiel-aktywny-uplynniony-140g-na-25L-nastawu.jpg
416|799158060939fbc25cdd0674ba89ceaf.jpg
417|a380037a649ec7e61bdabde1747db6c6.jpg
418|Zestaw-do-filtracji.png|129a4721e4dca2436bad25424dbb6687.jpg
419|4a7001c6d13142083244614a6cb07e10.jpg|0e5917e1b44245624be02b4f16ca1ba1.jpg
420|d958d0c62962648b3bfd29bff5b93e3e.jpg|912f61e33c6a32ee864aec432dae2d30.jpg
421|fc4d19ce27ded0fa72d7ca136be663ba.jpg|56ffb7e510c5d2f69d27fe3f46d1e513.jpg
422|6f91f742e495323883c694be01b22496.jpg
423|38c67d49d97e63107058b5599c2625fb.jpg
424|7c6d4afac645a928507eb9d4e3cf447c.jpg
425|9440506df39853d49de22f52585a085f.jpg|a8de68e82f7daa71b440d43f1cc396ce.jpg
426|Smar-spozywczy-do-uszczelek-18G.jpg|arez-222-Smar-spozywczy-do-uszczelek-18G_002.jpg
427|Enzym-winiarski-do-owocow-pektolaza.jpg|524bc4810d1a5aeb6124bceeef99ab45.jpg
428|SpiritFerm-DistiPur-5g-Crystals--harmonizacja-i-poprawa-smaku-destylatu.png
429|90a506fd35f014168da97174ff314eb9.jpg|413b22ef946393b46af39a2312bebdd3.jpg
430|40cabbe05d2602d1560833c8681c42d8.jpg|e70ff3d2bfb61459f263e8ddeae39536.jpg
431|4069528414c3b1cf8b26157243c21258.jpg
432|ZUBROWKA-TUROWKA-LESNA-zaprawka-do-alkoholu.jpg
433|Zubrowka-Debowa-20szt-na-5-10L.jpg
434|Zubrowka-20szt-na-5-10L.jpg
435|f18ba05ae090c480f109b9a6b5a1cb98.jpg
436|43f557cd13eedbfab99ebe072e98bbae.jpg
437|c923471f4d62b2f6eff2d23c21bdfc3f.jpg
438|cd744adca3b523d5977659d33a66fa47.jpg|5e30fc7f37e2c0f443e6188b0e137687.jpg
439|1b6574251772429cee4834d1f9a83275.jpg|e944071f9e426fe33d670aacede663ee.jpg
440|e52a96b0720c5d264f607fc7602d6697.jpg
441|8760d0ecee2f72eb8b6dda3a9cd093f8.jpg
442|bf056a618a27397f0ffbb02fb8a7d01c.jpg
443|Pojemnik-fermentacyjny-30L-bialy-biala-pokrywa.jpg|Pojemnik-fermentacyjny-30L-bialy-biala-pokrywa_002.jpg
444|57d514f899939a3082d7399bb6182f3b.jpg|0ad620a784f9c4db748a5befa362fbcc.jpg
445|Pojemnik-fermentacyjny-30L.jpg|3cc485837d9b879df6893a17eecd2bd9.jpg
446|b1829dd1cc3f33de0ffa731f4f5616ce.jpg
447|15beba0022504f08321aba6f01cfedb9.jpg
448|bb27fc45840e2c5d443bc14fad5d1f6e.jpg
449|30eb816671f08dee98eb23120ccb75c0.jpg
450|cc8ab74c16566d218af963002809cfa5.jpg
451|132befb781291756b6cfd92df6927483.jpg|f77a77a251283d40e640714e981d7c7e.jpg
452|643cf6016ed01d0538e596bd602172c9.jpg
453|e0ac2e00632758fa69a2080c82d0c738.jpg
454|36ae3cee5e3ae2d57e97d0e3e1def491.jpg
455|Crown-Pilsner-Yeast.png
456|Lyzka-mieszadlo-w-jednym-56-58cm.jpg
457|bc61484fc42ff99aaf8ab7dfe5262131.jpg
458|5158b66a62400b398c8c4a056395de30.jpg
459|COOBRA-Craftbrewer-CB3-PRO-v.5.jpg|Coobra-CB3-pro_003.jpg
460|coobra-cb5-PRO-V3.jpg
461|208a7c1fbede00d666fff5d05564d46f.jpg
462|Crown-American-Yeast.png|Crown-American-Ale-Yeast-11%2C5g.jpg
463|f29563547249e1c535defb927bb49c01.jpg|294e4cf923626e188afa1c995f1352dd.jpg
464|arer-068-Mieszadlo-magnetyczne.jpg
465|42a56615b551975aad9afbe479234cfd.jpg|310ce799a9f80c37dfcbaebb648b9145.jpg
466|5a8b114b1ebb8cd4ede49335ce231cc5.jpg
467|Etykieta-OLD-PIWO-DOMOWE.jpg
468|af4bb000376b4ad4d80b03e688352933.jpg
469|Crown-Boston-Style-Yeast.png
470|Dropsy-do-nagazowania-piwa-140g.jpg
471|4293141c4222a3541d4683e0b0194418.jpg
472|c95149b485c768d53b5f8c8e40381ca5.jpg|Chlodnica-mniejsza-front.jpg
473|Mangrove-Jacks-CROSSMANS-GOLD-LAGER.jpg
474|Mangrove-Jacks-NORTHERN-STAR-BITTER.jpg
475|FULGOR-1L-Z-ZAKNIECIEM-HERMETYCZNYM1.png
476|76b8edf364e7e3112b98f58a82fdaf74.jpg
477|ae8f9e95b4e1673a7e91dced890474a5.jpg
478|Butelka-do-piwa-KROPFHALS-750ml---zamkniecie-ze-stali-nierdzewnej.jpg
479|Mangrove-Jacks-WORKINGMANS-STOUT.jpg
480|Chlodnica-zanurzeniowa-20L.jpg
481|Chlodnica-50L---zlacza-ogrodowe.jpg
482|Chlodnica-Brewferm-Chillin-50-pod-zlacze-ogrodowe-3-4.jpg|Chlodnica-Brewferm-Chillin-50-pod-zlacze-ogrodowe-3-4-zlacza.jpg
483|Chlodnica-zanurzeniowa-10L.jpg
484|Mangrove-Jacks-LUCID-PILS.jpg
485|221139ff7f949b10b8bd58c0c4fa0539.jpg|c631c9c53ca2152cebbaca0a222aeda0.jpg
486|Chemipro-OXI-1kg.jpg
487|Mangrove-Jacks-RUSTIC-BROWN-ALE.jpg
488|Chlodnica-zanurzeniowa-z-gwintem-od-CB3.jpg
489|81d77d74a5d3de3078e4bc5f130d8cf7.jpg|7e2c2df94f119788d4442d337b97183d.jpg
490|2e1601e7cf228bb68ffaefa4c75ff1c8.jpg|70cbde21c0191e3a1ed918ca08685a6d.jpg
491|5c064d783bc038501a88136068f1a6ff.jpg
492|Chlodnica-zanurzeniowa-do-CB5.jpg
493|Chmiel-do-miodu-pitnego.jpg
494|658e4de82dd9687001d76465ceaf32f0.jpg
495|Cooler-do-minikegow-5l.png|95aca19be920a18072497e5533539b62.jpg
496|7b28d29dc1e844c21718ec89edc790ee.jpg
497|7f144ba87d2970b090169a9bba13bd3e.jpg
498|82f3c78d8f85bbcbd75044717ca3d5a2.jpg
499|cdc14c24e92520a3377026cedba65f7f.jpg|db633c88ed2d1ba442db699304692592.jpg
500|b70529ef25a5a8586d4b77221bfbb6e4.jpg|d4e1e01970a778ac11fc4c3072f870b5.jpg
501|pastylki-coopers-carbonation-drops-250.jpg
502|6df031656f1c6edf9fb5e01db34f9ca0.jpg
503|741c6d0d228a25de8a14a4d98a7bdc6b.jpg
504|4e74b9faccda9930fd8b483a26edc674.jpg
505|9ba5b9f7943c65495a6bf540f8d42f77.jpg|704a3b272fdc798560b4f16b6df0d034.jpg
506|17f976174329829850af1e6e99eaea16.jpg
507|Garnek-20l-z-kranem-i-termometrem.jpg
508|Garnek-stalowy-20L-z-pokrywa-i-kranem.jpg
509|0b7f7a47432ce9b14396dba1f033186a.jpg
510|Fermentis-SAFALE-S-04.jpg
511|Fastferment-zawor-spustowy-dolny.jpg
512|Fast-Ferment-termometr.jpg
513|f0404478feb612728bc9e2284985317f.jpg
514|e1339397fda28e358abbea34f53ced02.jpg|87420f9b554c5573ca226ef817ac4d09.jpg
515|7983c19c295bf8bc4b9aa2a4157d5773.jpg
516|Fastferment-pas-do-przenoszenia.jpg|Fastferment-pas-transportowy.jpg
517|b4d08c8bd01058b235dfccc042576b1e.jpg|e8120d16812be46883583185e22976fd.jpg
518|ed3ed4f63018804bca38b82fced6747e.jpg
519|Filtr-Bazooka-do-CB5.jpg|Filtr-bazooka-do-Coobra-CB5.jpg
520|SAFLAGER-S-23.jpg
521|Fermentis-SAFALE-US-05.jpg
522|b931c1631d60bdb4f4c9a93b18ffcb0c.jpg|8109cebc6289aab56d626eda2681ccb2.jpg
523|94448a54a72ce1bd9ac62ac69e1d784b.jpg
524|72e3f9471e9aabab9aeac5a1269700f4.jpg|91f8b589abe10ff5fb00256ca7a553b9.jpg
525|Kapslownica-podlogowa-PRO.jpg
526|ec12da14fd0734abad759174920aa946.jpg
527|22896ffe42f4eac037c3e0dd44db9e52.jpg
528|d7f393c7419dd5a72c450afe0c3cb8c3.jpg
529|John-Guest---szybkozlacze-trojnik-12---1szt.jpg
530|Kapsle-twarde-jasno-niebieskie-metalizowane.jpg
531|538f8c545e84e7be2a16002e389aae10.jpg
532|10d70eb30658fc8689900b1066646d11.jpg
533|Kapslownica-stolowa-PT.jpg
534|John-Guest---zawor-z-kranem-38---1szt.jpg
535|58440087dc461dee1484f62ab84b594f.jpg
536|a2a20a22b61a98a355721bb6b68961ec.jpg|390872dff19450569077fe96b92f7046.jpg
537|John-Guest---zawor-z-kranem-12.jpg
538|Kapsle-rozne-napisy-001.png|Kapsle-rozne-napisy-002.png
539|b5df6f7342ef984c0397cf261f633564.jpg
540|Kapsle-twarde-jasno-zielone-metalizowane.jpg
541|c40c738054d2e17f08ba0cdadae65093.jpg
542|594bbecbd47446178ee3ed569bb805ad.jpg|4923de0f8ce1dab3924c7ad5d7836958.jpg
543|1592b9e89cf815e528128467df01cde8.jpg
544|Koncowka-prosta-Fi-5mm-x-7mm.jpg
545|dd9b92f485fb237d1b862ffc3077ea57.jpg
546|ARES-619-kratka-do-garnka-pod-worek-zacierny-254mm_001.jpg|ARES-619-kratka-do-garnka-pod-worek-zacierny-254mm_002.jpg
547|c3c9456d6868eaf16fc20cd9aec5b1b3.jpg
548|1fc76f77e88ccae6575b3dd05c322ff6.jpg|78341395d128e208b620bfd4ce69d29d.jpg
549|d29d38703b4bebd0eb6b176d6cec5241.jpg|2a79b19d201320062399537c3452e274.jpg
550|2192681bba548df2b1c1eb6a45d9a5c8.jpg
551|kwas-askorbinowy.jpg
552|97ba8e43f24f5b68002f68bdb58e8d22.jpg
553|c3eea03a9feb2b38bfc65d02573f6e4d.jpg
554|8c4af6952aae73c65e80ef59e8088b69.jpg
555|d742d1fb072eee873f5f33f5a40c3de6.jpg
556|c0bf2b6fd04c8dd2b1d5fbe611ed67fe.jpg
557|f82b286f6968f1167ea1ec0320d264e5.jpg
558|1479f0b4862c2808cb63a950e67e254c.jpg
559|e37a6b909c10c8f862f3ff5f296742bd.jpg
560|d3f27ddd31962793617f3ee6d96a0d6b.jpg
561|c4d1812e5071af33f72f988b0ed722e5.jpg
562|5529e060bf3f774b8c0a2a904803fa85.jpg
563|b99ec62808d64e31cf880c3f6328c4f3.jpg
564|Mangrove-Jacks-CRAFT-SERIES-2%2C5kg-PINK-GRAPEFRUIT-IPA.jpg
565|1507727b1b6c785b2cf8d4203f2a6cb5.jpg
566|dbf9dc423d55a20ad5b40df3f9a570ad.jpg
567|Mangrove-Jacks-CRAFT-SERIES-2%2C2kg-IRISH-RED-ALE.jpg
568|cb2134633c295fb6af9890b86a7fdee4.jpg
569|8b5393d423d380be37a946cfdbec71b9.jpg
570|Mangrove-Jacks-Cydr-Czarny-Bez-Limonka-2%2C4kg.jpg
571|chem-180-Mieszadelko-cylindryczne-06x25mm.jpg
572|chem-182-Mieszadelko-cylindryczne-07x40mm.jpg
573|bf63bbdb1b47b1e33e4cbcde79034a8c.jpg
574|c4ebe15f51a73d2eb3f806566ce3ad09.jpg
575|b9faf8462643f3d06782086a9ba5b911.jpg
576|543b404d4b4f15dd8b71db23013d3782.jpg
577|a0acda26257b7fab82da867a223d96df.jpg
578|OXI-One-1%2C2kg.jpg
579|e0d63c24da90d1d0a3892fb25eb323f6.jpg|4b235ac9a34a9bd19f7050271deebd82.jpg
580|Ocieplenie-CB5.jpg|Ocieplenie-CB5-CB3_002.jpg
581|293cb052d10a703396b0c8cb919bbdd7.jpg|5514e64d417468a5c4eeac57f0508c26.jpg
582|8874fcce0803d17eedd4ea6484c29ed8.jpg
583|Oring-silikonowy-21x3%2C5mm.jpg|ares-940-Silikon-o-ring-27x21x3.5_002.jpg
584|chem-181-Mieszadelko-cylindryczne-08x35mm.jpg
585|Ocieplenie-CB3.jpg|Ocieplenie-CB5-CB3_002.jpg
586|14c042775b692346488f346b54d001b9.jpg
587|ac3b2dfbe83db977596a7ba0d8a0972b.jpg
588|Oring-silikonowy-7x2mm.jpg
589|bfde2fdac81a7316fb7db3ca9bc0123f.jpg|64c7085e024495c974e229109158b9c8.jpg
590|Ocieplenie-Coobra-CB3-pro--001.jpg|Ocieplenie-Coobra-CB3-pro.jpg
591|Oring-silikonowy-15x3mm-do-zlaczy-QD.jpg
592|Oring-silikonowy-10x3mm.jpg
593|ARE-T-119-productGfx___overlay_500_500.jpg
594|arez-190-John-guest---pierscien-zabezpieczajacy-3-8-czerwony.jpg
595|949468f97e053ca4409e1d71219eb915.jpg|72cba930a5aca34f54eb4d36aeba8d70.jpg
596|c9747d5940b180022e3aeacc3784ff1b.jpg
597|Ramie-do-whirlpoola-do-CB3-Ramie-dzieki-ktoremu-mozemy-wprowadzic-brzeczke-w-ruch-wirowy-podczas-chlodzenia..jpg|whirpool_003.jpg
598|be5b4c31a5e832a6dbbab6521bff6906.jpg
599|b913f695e5fbd194df1995f582fdb0f8.jpg|d8522b6b5889e9bf4d2e7ef166206035.jpg
600|Kapslownica-GRIFO.jpg
601|ffbf29b2c6ef44f2a2adf18478b03935.jpg
602|Nalewak-do-mini-kegow-Party-Star-piwo-domowe.jpg|Nalewak-do-mini-kegow-Party-Star.jpg
603|eb963845179c4be87272c3ab680c8e99.jpg
604|ares-960-QuickConnector-1-2---trzpien-na-waz-10mm.jpg|ares-960-QuickConnector-1-2---trzpien-na-waz-10mm_002.jpg
605|Ramie-do-whirlpoola-do-CB5-Ramie-dzieki-ktoremu-mozemy-wprowadzic-brzeczke-w-ruch-wirowy-podczas-chlodzenia..jpg|whirpool_003.jpg
606|b683d9c1c5bae5003a6f11f7f33e933c.jpg
607|2c1adf033b6957b52648d9d8b8a553aa.jpg|8bfffd7b878fff70690cc8adba3c008c.jpg
608|0cbc169a79f84616507276038f17d483.jpg
609|Przejsciowka-12---trzpien-na-waz-13mm.jpg
610|f90ee9e650ea55f4c474daeef83f6cbc.jpg
611|aret-pompa-230V.jpg|aret-pompa-230V_002.jpg
612|51df402cdde8a63733f88359e658b5a8.jpg|d620ab0c96520dab6294efc349d20335.jpg
613|8c91a5f903638310dd443f3c2c9c6808.jpg
614|0cc5c9ea580a0cd1d1f9081fee3d7863.jpg
615|arez-280-Szybkozlacze-do-Corneliusa-piwo---out-nypel.jpg
616|SaniPro-Rinse-1l-odpowiednik-srodka-dezynfekujacego-StarSan.jpg|SaniPro-Rinse-1l-odpowiednik-srodka-dezynfekujacego-StarSan.jpg
617|Suszone-skorki-slodkiej-pomaranczy-20g.jpg
618|a1a4f44fe8da1b98051ab5b5e975c0d9.jpg
619|Silikonowy-lacznik-pompy-z-szybkozlaczem-do-CB25.jpg|Silikonowy-lacznik-pompy-z-szybkozlaczem.jpg
620|b26e07112462db8c26a7735407a97101.jpg
621|907cb3df53e7044e775db66d277cbb52.jpg|8d99c82784ea0018076d13819a236b7b.jpg
622|Pokrywa-szklana---CB3.jpg
623|1ff4845cbe2e07b12f03257f8cb9cacc.jpg|c22d9f668c0e7bf71b7553385318df0d.jpg
624|SpiritFerm-Disinfectant-srodek-do-dezynfekcji-sprzetu.jpg
625|4999fcef353a2ae86fc279308543ccc8.jpg|d0474c2a90d2d1230c5e843aa75405a9.jpg
626|Pokrywa-szklana---CB5.jpg
627|44b4c4b0a539b3d0edb14c27584c0c7e.jpg
628|SaniPro-Rinse-250ml-odpowiednik-srodka-dezynfekujacego-StarSan.jpg|SaniPro-Rinse-250ml-odpowiednik-srodka-dezynfekujacego-StarSan.jpg
629|5be8b0da460b069b94955c4f2e4d499b.jpg
630|340adef947d46cfc045c4360a624db6f.jpg
631|b236f0e92ea6c3fc8a99d0305df822c0.jpg|5896c6a177ff47e51041443e59b7cc71.jpg
632|75915fecb1f2f27aa1cb3248086691fd.jpg|0e1f4c2845fe24c62058cdc751f6a870.jpg
633|ffd8891784324fa65b66deb549eb4660.jpg|519c48a38da3edfe7b0496302e31b9c9.jpg
634|59d75dcc39af0457074a4b7b8bce0682.jpg|506d661b1c7a04fa23d542b2e07b7a3c.jpg
635|dbcae4cc5422513a0763ec6eb6b1603a.jpg
636|Termometr-INKBIRD-IHT-1P.jpg
637|Coobra-Warnik-26l.jpg|Coobra-Warnik-16l-plus-26l-pojemnosci-edit.jpg
638|WHIRLFLOC-T---tabletki-do-klarowania-brzeczki-1szt.jpg
639|Szybkozlacze-trzpien-QD---trzpien-na-waz-13mm.jpg
640|62515934bbac1d9c3b4704d40178fda3.jpg
641|0000e1ac391e55f0d0cfc829c6282935.jpg|51651d6411233f89d3bdb376ac7af20a.jpg
642|Szybkozlacze-QD-na-12.jpg
643|ital-575-Srutownik-z-amortyzacja-rolek_001.jpg|ital-575-Srutownik-z-amortyzacja-rolek_003.jpg
644|Szybkozlacze-trzpien-QD---12.jpg
645|Warnik-do-wody-Coobra-16L.jpg|be1f36f1dedba62ec0023780a891ec5d.jpg
646|f85ab33464c16ad984807d13ff7e112f.jpg|c40165b02eaef51492edf80756ce4a54.jpg
647|a20a33657264a68230be013da8bafb59.jpg|58956e030d6fe5b563dae9350167a500.jpg
648|Kosz-CB5.jpg
649|Worek-zacierno-filtracyjny-ze-sznurkiem-17L.jpg|Worek-zacierno-filtracyjny-ze-sznurkiem-40L-worek-nylonowy.jpg
650|Kosz-CB3.jpg
651|butelka-do-piwa-stubby-craft-330ml.jpg
652|92cedf54dfe959b54be80c06879042df.jpg
653|503569a2bfca61d188a822a9b891092d.jpg|57b8f1352036b212c09439331f49598f.jpg
654|2e604ad839745c6e00fd8f74a8993bf5.jpg|1db02c00ea57cdfe2e61152a30ea5954.jpg
655|42644b7c14020910fb28192f3516ac0b.jpg|f8bc0f2ddd81edc68450664416ce4f44.jpg
656|d85d9b53e16734c9fbc0dc221e4679dd.jpg|f377576e106048ad0f995b6fb33d28c9.jpg
657|Worek-zacierno-filtracyjny.jpg|Worek-zacierno-filtracyjny_2.jpg
658|Butelka-PET-do-piwa-1L---zakretka.jpg
659|Worek-zacierno-filtracyjny-ze-sznurkiem-26L.jpg|Worek-zacierno-filtracyjny-ze-sznurkiem-40L-worek-nylonowy.jpg
660|e6e59144a266903404a0b2288343c2b0.jpg|671453129eed1e22a8196dc430daf4c1.jpg
661|Worek-zacierno-filtracyjny-ze-sznurkiem-40L.jpg|Worek-zacierno-filtracyjny-ze-sznurkiem-40L-worek-nylonowy.jpg
662|6c76e9cb60da749aa9e3c462e457d57f.jpg
663|431e34421ae73a813984c04d798a348a.jpg
664|7b4a449b4a35f4b356f142a348571396.jpg
665|eaf58e99c92d80fd0bfa169e098048f6.jpg
666|4a28f76b85bbe7f32268f0f57b70999d.jpg
667|8650c6b2015a2a0166396184e639ab1b.jpg
668|34c05916003f3e956fa276a92f30d1ae.jpg
669|889718e59cec893ae2e9aaf1b40fda35.jpg
670|18077c6090bceeda9222f13dc77e88a0.jpg
671|56b1d808c98717f6a0ce09611ce734c3.jpg
672|4b671f0e7aeb0e83d3ea5811f36d8778.jpg
673|004aa074e25fac9754f6a8921611afa3.jpg|7e71eb66ea15ac2463927448fea977ed.jpg
674|0df2b4eff7e6778c42d6f6afe3d222b6.jpg
675|5e0e00a96655a92b4376db6fbbb94d25.jpg|e79771fef96a9f9e01b1800f5b2a1f9f.jpg
676|Drozdze-piwowarskie-uniwersalne-COOPERS.png
677|2416b3a55e4e298e2039f25b09f0d4d0.jpg
678|Kapsle-twarde-brazowe.jpg
679|3ed00cac75d85f9f847816297f0dc3e1.jpg
680|8bfb1c46055b1951e4a02afdf9e6d26b.jpg
681|61a2042113ae1b28841491458b6ce21e.jpg
682|Kapsel-czerwony-metalizowany-003.jpg
683|growler.jpg|growler2.jpg
684|462f2e880f851b67629d917bf3b30abb.jpg
685|Drozdze-Coobra-do-Cydru.jpg
686|a7124f44648f2d19afb5b0ff824d0c07.jpg
687|Growler-1%2C9l-stalowa-butelka-na-piwo-lub-cydr.jpg|Growler-1%2C9l-stalowa-butelka-na-piwo-lub-cydr.jpg
688|Kapsle-twarde-ciemno-zielone-metalizowane.jpg
689|Kapsle-twarde-fioletowe.jpg
690|4164bc8b8a6a604839f360ffb578b6ad.jpg
691|Kapsle-czarne.jpg
692|fe576fda0a66b94fc3f0e405fd8ef52e.jpg
693|Kapsle-czerwone-na-piwo-domowe.jpg
694|kaps-023-Kapsle-twarde-biale.jpg
695|Kapsle-twarde-zielone.jpg
696|Kapsle-twarde-zolte.jpg
697|Kapsle-twarde-jasno-niebieskie.jpg
698|Kapsle-twarde-z-nadrukiem-kufle-i-klosy.jpg
699|c0e48ef9d8f10c8e07beabd0f0ef0d24.jpg
700|Kapsle-twarde-malinowe.jpg
701|Kapslownica-dwuramienna-ETERNA-PLUS.jpg|Kapslownica-dwuramienna-ETERNA-PLUS-glowica.jpg
702|Kapsle-niebieskie.jpg
703|Kapsle-twarde-MY-BEER.jpg
704|8f7eb5b44dfbc533bfebcbfaab967d19.jpg|e61e846a9ec5910b43c1930d6471f545.jpg
705|Kapsle-pomaranczowe.jpg
706|Kapsle-zlote.jpg
707|Kapsle-twarde-miedziane.jpg
708|Kapslownica-mlotkowa.jpg|8862bded33ff7c1da81077abdca2c287.jpg
709|Kapsle-twarde-jasno-zielone.jpg
710|Kapsle-srebrne.jpg
711|9a494f251a730d0f18a63db7bbb99974.jpg|6e2c3bdb1a092dddd3ae60ca3e4fa4e7.jpg
712|5320fecfdc671476af0966d603c80df8.jpg|321003fa2085784c4667749132a14e12.jpg
713|Naboje-z-N2O-do-smietany-opakowanie-10szt.jpg
714|e8992a034a6312e1414bd3b48a02a76f.jpg
715|6cb0f06d51694d87d7fe025c73f59630.jpg
716|NabojeCO2-bez-gwintu.jpg
717|9fb4070a11c511a13d100acd6ffb5194.jpg|743a20256bb7a7633a167be3de38fcd7.jpg
718|9463c88815b6b324f66fac34891ec1e5.jpg
719|47b090c70a27efac0e2ea394630f6d0c.jpg
720|5c6182f0e97392320742799b65d96144.jpg
721|arez-101-podgrzewacz-pod-fermentor-Mangrove-Jacks.jpg
722|f7957171cd51ebb7cc15f7047472226a.jpg
723|e2ea7bd6dd145758d29c0cf073cacec0.jpg|978d9c90001b1a3b1f2824307e3fadd2.jpg
724|fe56dd1cba333919c1fc5882e529b569.jpg
725|Minikeg-5l-drewnopodobny.jpg
726|naboj-co2-z-gwintem.jpg
727|Ociekacz-pod-minikeg.jpg|Ociekacz-do-piwa-pod-mini-keg.jpg
728|SIateczka-do-gotowania-chmielu-RITCHIE-sycenie-brzeczki-piwnej.jpg
729|6ad8ed0e96a770d7bd35bde8e3c1231f.jpg
730|877eb51abd566208cd3e0b39a13cab2c.jpg|5ef088874970ab27ffdaf3ada7b3547a.jpg
731|4064f61e27bb515b34c8b6ed98a3424d.jpg
732|26d0156a539b0ed4ffd411df242f2024.jpg|b8191902f0d9db92921d73e55a3b2ea0.jpg
733|5d79405c5922e4cdc8a0c1026c18dd5e.jpg|fc6bd993cd058bc39f5890af1376d50d.jpg
734|2619ca51bbf64d39196d52fd566ae3d4.jpg
735|Termometr-INOX-z-sonda--10-do-100oC.jpg
736|ae6c0320f17135a84abd8b82e0bd67c3.jpg|32fbc313315de10b07519c52ac413ee1.jpg
737|b526a6f5ebefebc5e9ad204e6b76b1e4.jpg|2cfd33beaccb5d3bfd50807e529a2413.jpg
738|Termometr-plywajacy-w-obudowie--120st.C-do--10st.C.jpg|9486316afbf6c7b46fe7a4bc5eb08a09.jpg
739|7f06fffa18530efd32c334df7ff0be55.jpg
740|Forma-do-sera-CANESTRATO-GIUNCO-18xH16cm.jpg
741|Forma-do-sera-CACIOTTA-11%2C6xH7cm.jpg
742|Forma-serowarska-CACIOTTA.jpg
743|Forma-do-sera-CACIOTTA-15xH7%2C2cm.jpg
744|Forma-do-sera-CACIOTTA-14%2C5xH7%2C3cm.jpg
745|biow-podklad-serowarski.jpg
746|Forma-do-sera-CACIOTTA-18xH7%2C6cm.jpg
747|Forma-do-sera-CANESTRATO-18xH7cm.jpg
748|Forma-do-sera-FORMAGGIO--7%2C2xH5%2C4cm.jpg
749|Forma-do-sera-CAPRINO-7xH14%2C5cm.jpg|fdc4f384a2f1443d1970a3013b9c92dc.jpg
750|Forma-do-sera-FORMAGGIO-18xH15%2C2cm.jpg
751|Forma-do-sera-FORMAGGIO-20xH9%2C7cm.jpg
752|529b9b722ebebd50961a33b8cbf134b9.jpg
753|03d5efd573391dbec523021d1a0ce234.jpg
754|ca1c78a66f30e6fe34af1dddb3db0e30.jpg
755|79a5724ac24945315f41c184138e1a41.jpg
756|Forma-do-sera-CANESTRATO-GIUNCO-12xH13cm.jpg
757|Forma-do-sera-PERDERE-9%2C5xH7cm.jpg
758|Forma-do-sera-FORMAGGIO-FRESCORICOTTA-5xH5cm.jpg
759|749b8e4ed9073e7f50f9c43a5699015f.jpg|9aa5104ca4a7a7e59d834c026e2f2d6c.jpg
760|kultury-bakteryjne-gouda.jpg
761|Forma-do-sera-RICOTTA-kwadrat--10%2C5xH8%2C5cm.jpg
762|0d0436e05e7dd7e06375070ab5ab65af.jpg
763|aad89e4cce79d16e04e35df0d4889661.jpg
764|kultury-bakteryjne-feta.jpg
765|4c53f4b20bbd423933e3d3fb16f5c07b.jpg
766|Forma-do-sera-SERCE--6xH5cm.jpg
767|Forma-do-sera-PERDERE-12xH6%2C3cm.jpg
768|Forma-do-sera-SCALZO-8xH8cm.jpg
769|b74ccf071eca4d9fdf438146085d6664.jpg
770|Forma-do-sera-RICOTTA-PERDERE--20%2C3xH11cm.jpg
771|53b3d331efe2216511b3750a7744d248.jpg
772|b68bb6ec956852ae874a636205af9965.jpg|6bbfa355960179ab4ce14ead3e3a9574.jpg
773|647b16a75f3255d48a270fda2ca5320f.jpg
774|9a193a5b188e2aae7c0515c41c782684.jpg
775|fba81390e77cde95cbef6b3860864800.jpg
776|biow841-wosk-serowarski-zolty-150g.jpg
777|714197e1e9283a6e43f11860a0d765c0.jpg|614f22a09472252b140486c15840deba.jpg
778|8e87ad4d4b72c47ca66c6d02076e6c15.jpg
779|d49c78bfb9de13b053e27ca813d07c28.jpg
780|0af7afccd5b8713d409ce2f554f4e4ef.jpg
781|26523ab195814d5b375ba027b18346fe.jpg
782|Pozywka-DAP-B1-masa-50g.jpg
783|636381d1242819014bee5610e4f153e8.jpg
784|Drozdze-winiarskie-SpiritFerm-Bayanus-G995---10g.jpg
785|Pozywka-DAP-B1---10g.jpg
786|Pozywka-winiarska-z-vit.B-SpiritFerm---10g.jpg
787|afe31d481c4e7c580e04b0590764a1f8.jpg
788|12e174e0d948f8d07eefde85dd023fb9.jpg
789|62b46cb44c0297150aa98fe89aa99843.jpg
790|2ce9f7baedb7df3469fd3164ff1f7f33.jpg
791|termometr-cieklokrystaliczny.jpg
792|e39a854fdfcfa0037c0fe037670b6afb.jpg
793|arer-101-Korki-LaMancha-24x38mm-opakowanie-30szt_002.jpg|arer-101-Korki-LaMancha-24x38mm-opakowanie-30szt_001.jpg
794|1f39b344fc093103137a4fb6dd14d3d8.jpg
795|4c7c65963b3446c9a5eebb27faccdbf0.jpg
796|84400a25ada4bbbafcefc48afb5fa209.jpg
797|Pojemnik-Fermentacyjny-60L-z-miarka_a.png|Pojemnik-Fermentacyjny-60L.png
798|048b34bdb9c81402cac3c7ca264173e9.jpg
799|NACALIT-PORE-TEC-BENTONIT-1KG.jpg
800|20a60276cc126f5e3ece5d0df14c95a1.jpg
801|fdc6f833c717dd79bb5f71ee3f48d7f6.jpg
802|e7f11e8f82a758024e8d6c0fe05b0662.jpg
803|2fcc0cfa86b9301ac1d7a30e56b0a60f.jpg
804|22acfd94b2261a209e2ef1b90f22e250.jpg|bb743a38285527adc3a9d56245ce933a.jpg
805|58243cd6f3edfc351554fdbfb163d652.jpg
806|3a19ca1eedf4f25991b3f1101eb9d3a8.jpg
807|1c5a5071f94ed776356723eb82f13ef4.jpg
808|66792dcfb4634bec5e729fddff092650.jpg
809|476d006ee03f3e75229557bcd4025a93.jpg
810|NonneNoir.jpg
811|f74c0c27f2672a369e36a343f48392d8.jpg
812|3cea5e5dee5b57ad7c8df3dc1b48e473.jpg
813|cc37e5d38b53f9c0398062a2596360a0.jpg
814|ab486d332851307221eefdf5ff7b9ae2.jpg
815|c22b7d1992eceaadf9f5372262ee0cc4.jpg
816|396b83cfa0c50e2863774842d3e5e3f6.jpg
817|150bf4f8e7d0ad9cc6b83840fdd965c4.jpg
818|996ed3a66fdde37f63ba137ed26f5f81.jpg
819|1ba75532180179cd1aa8b0e4924442f8.jpg
820|489c3aab30ffd32b7ebe8244697fa796.jpg
821|2f4c081a3cba045de30c0524c934a294.jpg
822|736ff5a78b8b43166ee0961b65272441.jpg
823|8c838b39aaf00265557240601940f8bd.jpg|efe0b87bfa404c2f94e8b825915654b5.jpg
824|WinoPack-Nonne-Noir-CHABBEL-biale---data-do-08.2023.png
825|Drozdze-winiarskie-Aromatic-Wine-Complex-25-50L-wina.png
826|a9291318c0e968e17f2fcd6b5fc762c1.jpg|f6a3ff706c6b5bb70844a3483a16c629.jpg
827|824dd82ac35ecb480d43cb60e8819722.jpg
828|98a5bb2564b624201d6393dda3bb2096.jpg|a5f833fb370723bdc88ba786fabf488d.jpg
829|Drozdze-winne-do-win-czerwonych-BRENDOX.jpg
830|3f31f2c006f230eba26512fc04f8ac7e.jpg
831|WinoPack-La-Mancha-CIATINI-czerwone---data-do-10.2023.png
832|704601HEX.jpg|704601HEX_1.jpg
833|WinoPack-La-Mancha-BERGURION-czerwone---data-do-10.2023.png
834|Zestaw-winiarski-3-w-1_002.jpg|Zestaw-winiarski-3-w-1_001.jpg
835|Etykieta-OLD-WINO.jpg
836|3894fcb64353a31f0258e651ad215277.jpg|af95aa5d35aefce690eae91ffaa98109.jpg
837|WinoPack-Nonne-Noir-FRATTASCI-biale---data-do-11.2023.png
838|WinoPack-Nonne-Noir-MADRAS-czerwone%2C-mocne---data-do-10.2023.png
839|Kanister-25l.jpg
840|de6dab3a4d0d5b9265a391b7fa89a3d2.jpg|5580e0afd9d2856ca44c5595304b92b4.jpg
841|Kran-1-2-WATER.jpg|INOX-kranik-do-baniek-na-wode.jpg
842|Uchwyt-filtracyjny-na-fermentory.jpg|Uchwyt-filtracyjny-na-fermentory-filtrowanie-nastwau.jpg
843|Banka-ze-stali-10L%2C-banka-ze-stali-szlachetnej-na-alkohol-domowy.jpg|Banka-ze-stali-10L%2C-banka-ze-stali-szlachetnej-na-alkohol-domowy.jpg
844|e2871e4c0f29120de675867a63b07956.jpg
845|Banka-PREMIUM-30L-bez-kranu-woda%2C-alkohol%2C-ocet.jpg
846|5L-WATER-20cm-x-23cm-opening-13cm.jpg|Banki-stalowe-beczki-ze-stali-inox.jpg
847|c4ace0fcef9be7fd767c9153d833209c.jpg
848|ares009-cukromierz-szwedzki-precyzyjny.jpg|a23c4be42e6b9ed3e065e92ac60b0a58.jpg
849|Banka-PREMIUM-50L-bez-kranu-woda%2C-alkohol%2C-ocet.jpg
850|wino-klar%2C-klarowin%2C-klarowanie-wina-domowego.jpg
851|c176f19ed1a3d69fa1043a081ca8a73b.jpg|850a36147eae864213b2a3910ee65287.jpg
852|Banka-ze-stali-15L%2C-banka-ze-stali-szlachetnej-na-alkohol-domowy.jpg|Banka-ze-stali-15L%2C-banka-ze-stali-szlachetnej-na-alkohol-domowy.jpg
853|92c6e85d820d626c6ab73576395dc133.jpg|381cfc44ac3fe4fd720fb639535f8b35.jpg
854|e38126d845550d4f9174b7e6a32760f3.jpg|66c0228f04229b274cc97dc620b0f7f8.jpg
855|Kolumna-filtracyjna-szklana.jpg|451a634411785e2db7d719e136c0c4e2.jpg
856|943bb269b4086645068a3583b2162ae7.jpg|d845f217b32671b729967756c690e330.jpg
857|2L-for-WATER-15cm-x-17cm-opening-11cm.jpg|0f5e5fd5b5cb93c64d721ab5ba97cc8d.jpg
858|Wklady-filtrujace-100--2szt.png
859|Drozdze-winne-Coobra-Bergurion.jpg
860|Drozdze-winne-aktywne-COOBRA-MADRAS%2C-drozdze-do-win-mocnych-i-slodkich.jpg
861|Drozdze-winne-aktywne-Coobra-Jerry-10g.jpg
862|Wklady-filtrujace-1000-2-szt..png
863|742d2c33254a36aa4baca99d99d2e772.jpg|3150e7bccbe0776352c9717d085ce2c6.jpg
864|Wklady-filtrujace-000--2szt.png
865|5L-WATER-20cm-x-23cm-opening-13cm.jpg|7eb3be62d4cc143a0038da3fb500bd3c.jpg
866|927fe973e7050d7bba14cc0d711e147c.jpg|ce70207917350d3a484927b47ebffb58.jpg
867|korkownica-delux-portugalska.jpg|4fe6b80b26c75964e7248b83ba2cedd8.jpg
868|3L-for-WATER-15cm-x-17cm-opening-11cm.jpg|e34accba104849c4da7f3e632627600a.jpg
869|5d9f436b102e4469193fc6dcb6ea1c3f.jpg|d226c30532abba34fdfa3793d884c4dc.jpg
870|97f6883673bfe09c1c58d42dfad806e8.jpg|bdf001a8ac4e1a444e19ebeff8365b6d.jpg
871|Drozdze-winiarskie-coobra-steinrhein-drozdze-wina-biale.jpg
872|Balon-plastikowy-23L.jpg
873|888c31a66a51a11ff81d25e60b36d419.jpg|b2e598506f1805cf369e2ef079193b5b.jpg
874|Drozdze-winne-uniwersalne-Coobra-10g.jpg
875|8ac9b01df374a588f69de2562023b188.jpg|adbec0816aaa1b6ff445b5af5c5e0952.jpg
876|Drozdze-winne-COOBRA-Tokay.jpg
877|5d4ba1506e469698f8159d775430392f.jpg
878|5e1f04af1cce8155e624581bbda77d87.jpg
879|Wklady-filtrujace-2000-2-szt..png
880|bb1561e763320241a42e3be0be1ca4fb.jpg|64b94984542257088060faadbde2d489.jpg
881|d1ea0ae2eab5d3a15b19bbd58ee404e4.jpg
882|28d11c025aef15de9da25f8d33ebde1f.jpg
883|SPI-R-028-productGfx___overlay_500_500.jpg
884|Drozdze-winne-aktywne-COOBRA-PORTERO.jpg
885|4fd9005e84c995d9b69f9f8efa3b5479.jpg
886|Korek-26mm-grzybekdrewno-jasne-33x20mm.jpg|960c8b6adf54b4dad0674b46b06fad23.jpg
887|SPI-R-030-productGfx___overlay_500_500.jpg
888|Fermentor-BARREL-20L-z-kranem.jpg
889|890899f0be4c39adf4a11eb138a5fb25.jpg
890|Fermentor-BARREL-5L-z-kranem.jpg
891|a4627361cb88b65d55d5b21c91c8aa3a.jpg
892|Fermentor-BARREL-15L-z-kranem.jpg
893|Fermentor-BARREL-10L-z-kranem.jpg
894|Korek-29mm-grzybekdrewno-jasne-38x20mm----1szt.jpg|a816ce4a3de33d515f8f74d65062cac7.jpg
895|41f50dd57e6861b5bfac524846b47690.jpg|5f53160d11fce30db6680b4e399b8ce2.jpg
896|Fermentor-BARREL-25L-z-kranem.jpg
897|Korek-28mm-grzybekdrewno-jasne-38x20mm----1szt.jpg|57ff91d633a0eb2530a065a2675a8014.jpg
898|Fermentor-BARREL-100L-z-kranem.jpg
899|Fermentor-BARREL-50L-z-kranem-i-rurka-fermentacyjna.jpg
900|776e8b3b773a1e80eb7fefd940d22291.jpg|f566b6c2e50f8814f9097cc0c1934425.jpg
901|60be0d6f4231b276c7f58f5bbcf68c46.jpg
902|107f715bb2bee8788ea37859779acec7.jpg
903|Kran-plastikowy-1.jpg|Kran-plastikowy-1.jpg
904|Kran-do-BARREL-25-100L.jpg
905|4fbac29ed3099f542c8804e5b8322c94.jpg|212f7f5c5b6cd33aca3e165f25643dc1.jpg
906|BUTR-952-KRAN-GROMO.jpg
907|d0a2dd6bcd28238c56bd97349ddcb628.jpg
908|35fdc2652d1f708c19b7a97a13a00d25.jpg
909|Kran-do-BARREL-5-20L.jpg
910|Korek-gumowy-do-balonow-plastikowych.jpg
911|Korkownica-portugalska_001.png|Korkownica-portugalska_001a.png
912|paski-do-siarkowania_002.jpg|paski-do-siarkowania.jpg
913|f87da056e1bf8a45592cac5cffad4229.jpg
914|Regal-metalowy-na-50-butelek-wina.jpg
915|Sloj-wielofunkcyjny-12l.jpg
916|8b4a5618c30c3bd8d0199146699152a2.jpg|4b0ba046e269763fd1117a211b0f3b6d.jpg
917|9661dd27e6af02405cf916b2efae69e1.jpg
918|Regal-metalowy-na-80-butelek-wina.jpg
919|rozdrabniacz-do-owocow-na-wiertarke_002.jpg|rozdrabniacz-do-owocow-na-wiertarke_002.jpg
920|modulowa-polka-na-6-butelek-brazowa_001.jpg|modulowa-polka-na-6-butelek-brazowa_003.jpg
921|17c4f852a0c8aab509362a8df44d6479.jpg
922|eabfd9b568e060a431b00abd6af339a4.jpg
923|Regal-metalowy-na-30-butelek-wina.jpg
924|wamar-1-42.jpg
925|Regal-metalowy-na-100-butelek-wina.jpg
926|Rurka-Fermentacyjna.jpg
927|Stojak-na--6-butelk.jpg|modulowa-polka-na-6-butelek-czerwona-blyszczaca_001.jpg
928|5dbb432ad6cd023ee58d77b02002a812.jpg|c97097213db79f6210885ca80fafebf7.jpg
929|e219b7678242d4a23793236cbac20282.jpg
930|177912f34e44f02ac538d802170292f8.jpg
931|94672b37a325a800b4f5b5392085606f.jpg|0cba9922db0ce1731d832285ff7ff88d.jpg
932|4659955a00806ad3e54abb307753d0bf.jpg
933|5aa74fdf1b60fdb60cbfd7433718edc9.jpg
934|Sloj-wielofunkcyjny-23l.jpg
935|Sloj-wielofunkcyjny-18L.jpg
936|Sloj-wielofunkcyjny-8l.jpg
937|Sloj-wielofunkcyjny-15l.jpg
938|5b77f20628f1bb7f9c1b9047ae3ad720.jpg
939|8c7c5f9b89479da84f262affeba64220.jpg
940|7b5e6947ca7bf7ba485b1900a94ed4f2.jpg
941|uszczelka-do-zamkniecia-patentowego.png
942|6de781523b4e3ac43ef538e4aa0ae351.jpg
943|ae29445ac508ee3483ae54ab7468dfba.jpg
944|Uniwersalny-szklany-sloj-5l-do-win-i-innych-przetworow.jpg
945|0c0d5c8e9bd99ff83cc434bbfbfff1e2.jpg
946|2fc5a59460f18b624a6416ada31ba76e.jpg|5c3796dec396c729863028a37c21ef9e.jpg
947|Balon-na-wino-nalewke-z-szerokim-wlewem-20l.png
948|77a5724f90d7b821cb5be2ee28d5231e.jpg|4dafe0c501c1612233747da77a737990.jpg
949|240c0f27734c1b7a61d0938a5eb421b2.jpg|47400992cbdab32737d2a53323b12c09.jpg
950|79d299e3ff011b5bbe82a3362b57d093.jpg|eedd893b10a754cfb34d09b1abd4740f.jpg
951|04059528a7687139e9576437203aed5b.jpg
952|Balon-na-wino-nalewke-z-szerokim-wlewem-10l.png
953|Balon-na-wino-nalewke-z-szerokim-wlewem-15l.png
954|38afa82cbc3bea2525951e5fa8983103.jpg|aab30aee7ef2a242809c0a4c48c4bd74.jpg
955|daaf12903ed43fd5b42d0535ced99d68.jpg
956|a8de7552e475e8100c705f12361c6fc8.jpg
957|eb9a8da2cc03b8e0bae1811554c614f1.jpg|4e5e0d3052a373920bf3af902730cc1a.jpg
958|3eca8ee955e98fdf1126e624e9819830.jpg
959|Pipeta-dluga.png
960|Aparat-do-filtracji-wina-szwedzki.jpg|540b27ce7353d08a982f5170a05bbd91.jpg
961|c7b3225061fb8d9d1baa658d7b650eb1.jpg
962|Alkoholomierz-do-wina-kapilarny-do-win-wytrawnych-0-25.png|Alkoholomierz-do-wina-kapilarny-do-win-wytrawnych-0-25.png
963|ff1c3fc9bc88e6d590735cb24479b3bc.jpg|a05045da3136b257636381102376afa2.jpg
964|0156337f2c2af8d46fb60eeba2570d20.jpg
965|8bd217d77e1846dbced750c7a2a236cf.jpg|5111468549bf92e1be5f4d4e38c3cd8f.jpg
966|552d2b1dc27ac36573af1423d710a5f8.jpg
967|Browin-Kran-do-pojemnika-fermentacyjnego.jpg
968|zapasowa-siatka-do-uchwytu.jpg
969|Balon-na-wino-nalewke-z-szerokim-wlewem-25l.png
970|228354b49845ca6ffb500e9385b6847f.jpg
971|Aromat-do-wina-vermuth-bianco.jpg
972|Gasior-Dama-5L-z-zakretka-plastikowa-i-uchwytem.png
973|Balon-na-wino-waska-szyjka-10l.png
974|Pipeta-srednia.png
975|Balon-na-wino-nalewke-z-szerokim-wlewem-5l.png
976|Browin-Pirosiarczyn-potasu-10g---Mycie-i-dezynfekcja.jpg
977|Browin-winomierz---cukromierz-0---22-Blg.jpg
978|zdjeice.png|zdjecie.png
979|Browin-Szczotka-do-mycia-balonow-mala.jpg
980|Balon-na-wino-waska-szyjka-20l.png
981|20f8b0aa28d47047d10fde1f57b1c747.jpg
982|Browin-pozywka-do-drozdzy-winiarskich-10g.jpg
983|Balon-na-wino-waska-szyjka-5l.png
984|Bioterm-Termometr-winiarskipiwowarski-30-50st.C.jpg
985|Browin-pozywka-do-drozdzy-winiarskich-KOMBI%2C-7g.jpg
986|Browin-pozywka-do-drozdzy-winiarskich-z-wit.B1%2C-10g.jpg
987|Bioterm-Termometr-winiarski-140mm8mm.jpg
988|Browin-Szczotka-do-mycia-balonow-duza.jpg
989|Balon-na-wino-waska-szyjka-15l.png
990|kaptur-korek-do-balonu-szerokootworowego-647238.jpg
991|1cbe7731f8192cc23618d5d149dfa4cb.jpg
992|Browin-Kwasomierz-do-wina-menzurka%2C-blekitny-wskaznik.jpg|Browin-Kwasomierz-do-wina-menzurka%2C-blekitny-wskaznik.jpg
993|Balon-na-wino-z-waska-szyjka-25l.png
994|6a848e1ef1573bf8d9ebae7cf8bd8a4f.jpg
995|Korkownica-podlogowa-MINI.jpg
996|15c5ef61f43bd7e724fbc26c11b3ff5e.jpg|f881340a1d8a90f6a636469d9dbcdc88.jpg
997|GASIOR-DAMA-W-OPLOCIE%2C-Z-ZAKRETKA-5-L-biow-091-1.jpg
998|266b3846e037eba048cb5ea115381e44.jpg
999|2e236697539a8b3aac672a81a1f58570.jpg|43fa570ec9be2b602b3059b10a7b2ed5.jpg
1000|Browin-Korek-do-pojemnika-fermentacyjnego.jpg
1001|Rozdrabniacz-do-jablek_001.jpg|Rozdrabniacz-do-jablek_002.jpg
1002|Korkownica-podlogowa-INDUSTRIAL.jpg
1003|7879ee487e0ab828104f4ed761a49af5.jpg|67f2fb01ade56c3e72a086aade220fa0.jpg
1004|Korek-zolty%2C-podwojny%2C-pod-rurke-fermentacyjna.jpg
1005|1c889c3c1bb6443db8429424f0c43585.jpg
1006|7835a6f7e7934186ae118827954b75b3.jpg|9405dd7b0113146db636b7d86904d209.jpg
1007|d90c2cad5200dd682b238447464e1930.jpg
1008|69dcd280858800659fa057832d10bc19.jpg|fe57a72168405eb1256659584ad66253.jpg
1009|6eea348d073d13442e60b576da66ecbf.jpg
1010|Drylownice-wszystkie-kolory.jpg|drylownica-zolta.jpg
1011|Kran-do-pojemnikow-fermentacyjnych.jpg|2c656fd8a85e56b46f0e3f6fa0d9b1c0.jpg
1012|Korkownica-trojramienna-metalowa-zielona.jpg|Korkownica-trojramienna-metalowa-zielona.jpg
1013|2cc1d3aa545c5d645dc15ce6a7824220.jpg|b4f01b2f7c323d66728078d3e15cc4c8.jpg
1014|c19b2288c21a1b8be90dafb7034965b6.jpg
1015|9317f8f64764205cb5a9002db698e045.jpg|164bfda23c68e88fb9e66c0934a1a759.jpg
1016|f80c1bdd027b6f5e0a356b91204a5728.jpg
1017|4cd0dc86789ce298226fa58fc7db1b21.jpg
1018|Worek-filtracyjny-2.jpg|worek-filtracyjny-3.jpg
1019|Korkownica-FERRARI.jpg|923a2d708f95ddad0ce815c9f047004b.jpg
1020|0768f7fdf0a7a9583839cc6ace482b3e.jpg|29adb2908cbe5802a06c1c083a463d0d.jpg
1021|aa32c3f61d2b17c68b494182e829862f.jpg
1022|36a5c61ea74d843e541f4e1d68e23fa3.jpg
1023|Prasa-SREDNIA.jpg
1024|f36c12b74791bd25cc8a118913f254dc.jpg
1025|Pipeta-krotka.png
1026|Prasa-do-owocow-ramowa-okragla-Fi-20--5%2C0L.png|Prasa-do-owocow-ramowa-okragla-Fi-20--5%2C0L-1.png
1027|LaMancha.jpg|Bag-in-box_2.jpg
1028|ee49be45d85cb08ae50fffb8550dc61b.jpg|5d3b965958bab49e4423d5056bf257e8.jpg
1029|7a448fa1e91ec44e02f36aaaa012556f.jpg|5eb2e5ba5b7ee4346cde4bd1172bbfe8.jpg
1030|Prasa-ramowa-okragla-Fi14---3%2C5L.jpg
1031|zdjecie-2.png|zdjecie-4.png
1032|c6e5d4531493b1981a04e21ecd3008f7.jpg|02e6e5c6aaeda1b4e338849ff6ab0b9c.jpg
1033|b63f2a1f3d95da1694d2b4c0dcde4d0e.jpg
1034|Worek-filtracyjny-2.jpg|worek-filtracyjny-3.jpg
1035|eb890cd57e9b4028ee22243bc5557fcc.jpg|881de1c717cefc07c971116c86ac6b94.jpg
1036|Prasa-do-owocow-SUPER-20x35.jpg
1037|Prasa-SUPER-30x45%2C-prasa-do-winogron%2C-prasa-na-owoce.jpg
1038|DAR-Y-057-productGfx___overlay_500_500.jpg
1039|4776efc830759d7fe2aa32a5bf060a7e.jpg
1040|98382cc5d0c94b25c6aeb58645e70b08.jpg|635ad115c2280e251bb4c799a917d7bc.jpg
1041|f8fb2ea0db3be0ed415d2136ff5b34ce.jpg|14e28d3bff03eb1058acaa95b6a446b3.jpg
1042|e5daa20d623da7257be2acfc942d55e8.jpg|cb495f922a408dad553f6e5ccc6d6bbb.jpg
1043|ital-081-rurka-fermentacyjna-plastikowa-6-komorowa-z-kapturkiem---001.jpg|Rurka-fermentacyjna-plastikowa-6-komorowa-z-kapturkiem.jpg
1044|4bd99f9ec83599b541e683586547025b.jpg|c45ad3b5ecd8c6866d042d9bc4942b5b.jpg
1045|Rurka-fermentacyjna-do-fermentorow-BARREL-5-100L-Kapturek-zapobiegnie-dostawaniu-sie-zanieczyszczen..jpg
1046|ital-083-rurka-fermentacyjna-cylindryczna-z-plywakiem---001.jpg|Rurka-fermentacyjna-do-duzych-nastawow-z-plywakiem-H11cm.jpg
1047|ital-080-rurka-fermentacyjna-do-duzych-nastawow-large-60l---001.jpg
1048|2cca43662f14fc7b4a65d97e3498b216.jpg|5faea8bbb9df0fce4aab748b5818ddb5.jpg
1049|rurka-fermentacyjna-plastikowa-z-kapturkiem.jpg|a027af7f19fc94fa47a324bd846d19ab.jpg
1050|ital-079-rurka-fermentacyjna-do-duzych-nastawow-small---001.jpg|Rurka-fermentacyjna-do-duzych-nastawow-SMALL-H65mm.jpg
1051|974d6928b4d690c89bcd07dfdb8b7769.jpg|228abe47b985ed51c774651a260b1b9e.jpg
1052|Saczek-filtracyjny-z-weglem-aktywnym-250mm.jpg|Saczek-filtracyjny-z-weglem-aktywnym-250mm.jpg
1053|271b2d938cb2e78c6ceb24c5e378e8bc.jpg|90ee7cc573e65383f5928934ccc0c2f3.jpg
1054|2c1977f2da4601b59985c96d56e5e593.jpg|c5f586f894b918060f27be06249a7f1f.jpg
1055|Roza---paki-kwiatowe-suszone-100g.png
1056|Szczotka-z-wlosia%2C-do-mycia-butelek-34L-szczecina.jpg
1057|szczotka-do-mycia-butelek-wieksza.jpg
1058|ITAL-118-SZCZOTKA-DO-BALONOW-Z-KORKIEM.jpg
1059|91578cfb37175259bb8463e92d1115b9.jpg|eb1445ac8bad9ec95affdc17ba728c70.jpg
1060|3dd99ffba0d78120c13d99a7865e2309.jpg|b8d4dec8523678443c7c23513872d332.jpg
1061|d52f9c401484d276e82cb7a030ee9c9f.jpg|2e0949ed53b08743e1e8da08f6ac64cc.jpg
1062|8c529dc4af4de51eebc0d36008f992f1.jpg|13ff5afba9148974343120d1aff91e5b.jpg
1063|arix-308-SZCZOTKA-DO-MYCIA-WEZY-085-180.jpg
1064|999ae72b79293c8b0956a3d2454aba9f.jpg
1065|stoper-fermentacji---5g.jpg
1066|szczotka-do-butelek-mniejsza.jpg
1067|ITA-L-128-productGfx___overlay_500_500.jpg
1068|Szczotka-z-wlosia%2C-do-mycia-butelek-1l.jpg
1069|Szczotka-do-mycia-butelek-14L.jpg|e0d9fd98e9ebde0170cc0e8473f0e0e8.jpg
1070|ital-119-szczotka-do-balonow_002.jpg|ital-119-szczotka-do-balonow_001.jpg
1071|Szczotka-z-wlosia%2C-do-mycia-butelek-12L-szczecina.jpg
1072|lyzka-silikonowa.jpg
1073|3b9e21d399128574475785743fc62e9c.jpg
1074|Worek-aluminiowy-Bag-In-Box-3l-z-kranem.jpg|5872.jpg
1075|AKE-R-052-productGfx___overlay_500_500.jpg
1076|fb16a6dd9a72d606f55a19e379394220.jpg
1077|Worek-BAG-IN-BOX-3l-z-kranem.jpg|5868.jpg
1078|ital-129-Korkownica-podlogowa-wloska_001.jpg|ital-129-Korkownica-podlogowa-wloska_002.jpg
1079|Worek-aluminiowy-Bag-In-Box-10l-z-kranem.jpg
1080|MAR-H-961-productGfx___overlay_500_500.jpg
1081|Worek-BAG-IN-BOX-3l-z-korkiem-snap-cap.jpg
1082|Worek-BAG-IN-BOX-5l-z-kranem.jpg|6167966e4eb5434b12e21a08b3d6de83.jpg
1083|bf3f2fc0cf9b425c41776f0213d42cea.jpg
1084|Uszczelka-do-kranow.jpg
1085|402475cabcef93dbffc49f16f7cb9da3.jpg
1086|d566fb7b6a22b467517a102ed0a11ad9.jpg
1087|AKE-R-051-productGfx___overlay_500_500.jpg
1088|1a13126942245c84c6ca108a666fee82.jpg
1089|ares261-zakretka-do-kompletu-filtracji-destylatow.jpg
1090|f3efb859033fcd2f6fddaf08cb388345.jpg
1091|biowin-zamkniecie-hermetyczne.jpg
1092|9fc38bf5297195b29ebfca4c35e875c3.jpg
1093|33285e2552654cf94c0874e2f2400a90.jpg
1094|e958409c32c0ba54a1bf7796ce26d512.jpg
1095|ec487a8ab6bb854624de75d6fb4afbdc.jpg
1096|biow-zestaw-winiarski.jpg
1097|07b1b6cb3f3b7a0760fd413f64a81f73.jpg
1098|41ae491dcfe1c348100dcfe1eb088d31.jpg|fb1a4b78655d8eeaa4d4b6aa65bdfc2b.jpg
1099|a9bca0502d5fc6415c4151e4277e9fbe.jpg|e36772613e18e0bc030887920d53d896.jpg
1100|ece277aef44d5dd19a4d207429fc25c8.jpg
1101|f07a2f905d97670c390a0f92c5393ac5.jpg
1102|e2af8ec06aac05d3c9569b5c49d6eecf.jpg
1103|8b5d23efc348b247838673b4575f07af.jpg|2a7d058259c4bd5c7e6a0d1382191081.jpg
1104|edb462a48fd932dfeb895b3397438ab3.jpg|bd17ff7437d9afc3e41dde4793d7dfa8.jpg
1105|8fb988fff26847ed0e242c262109a213.jpg
1106|7fa63d12f24b8e232e5693bc862d0528.jpg
1107|c4f75c1a683f49b80664927b9afb9c24.jpg|eda4910e35797ab2176a533091030d5f.jpg
1108|30b443b7e8a64d3a1342a8f94def0fab.jpg
1109|e695a236e52dc11852042b30e73b1a06.jpg
1110|Zrebki-do-wedzarni-KASZTAN.jpg
1111|509102001c0f91b39f02babed4234ed5.jpg
1112|Cyfrowa-waga-lyzkowa-do-500g-dokladnosc-0%2C1g.jpg|Cyfrowa-waga-lyzkowa-do-500g-dokladnosc-0%2C1g.jpg
1113|49356543bc0d42b09bdf74bfdd1b9b9e.jpg
1114|6753429cc0aaf1d135623127e0341130.jpg|33e9ce34f9de04a02135800b7aef5731.jpg
1115|81806892d99e0d439939ac9db5ef653b.jpg
1116|da2b089822d24c1b611d6bfee2b90dd1.jpg
1117|7cca77453a8c0276de103924e88c2811.jpg
1118|a21c8c54df99decfbfbd0b6144bcd19b.jpg
1119|3656a69245d0c42c770daff3efb2a09e.jpg
1120|b6cd607b7caa35cbbb45281d0b0caab0.jpg
1121|6e0a0f45ff43fbb5af48af82e948e70d.jpg
1122|biow912--Zakwas-pszenny.jpg
1123|9d7947afce2a8bad94db1d29b2d3d798.jpg
1124|f1ea32e61e89b6c7d1f2a8a1622fcb72.jpg
1125|06ddaffd67a985de2989676840dbc7f7.jpg
1126|0607e652180ada8d12a5696f5b530212.jpg
1127|a15a9a2497f81da8c464b355727e656e.jpg|6a7f8f9ea88814abb96b547ae6d379da.jpg
1128|6ed07ab16811eb8200e6b040bdfcf963.jpg
1129|biow--Zrebki-do-wedzenia---orzech-wloski.jpg
1130|aec238a1f9c7a6f89bc2eb1ca7ebdd45.jpg
1131|25fcb7075584557fa20ab303fd1f4d57.jpg
1132|d1ce8ed004842197aa450b96f8b6422a.jpg
1133|b0af0584723880813e04fe1585b8dc73.jpg
1134|biow--Termometr-do-pieczenia-mies.jpg|biow--Termometr-do-pieczenia-mies_002.jpg
1135|4e51618b2894378c6fda0f87eceb270a.jpg
1136|Przewod-A04---Fi3-4-miekki---1mb.png
1137|102a2a4a2418bacf4aee0afb8eb2680c.jpg
1138|adb87698ff099ac9f30b9720dd236aa8.jpg
1139|arer990-przewod-silikonowy-gruby-9mm-14mm-3-8cala.xcf.jpg|434c656c64d341ff51f7d5cca36dc398.jpg
1140|fba5c04d6f3a68f1329e0688f74c6699.jpg|05b05e25a797e7a42bd1f2532bbec976.jpg
1141|c1f0e29d4ee8db857be93464622ff02e.jpg
1142|chem128-Cylinder-miarowy-500ml-stopa-szklana.jpg
1143|Waz-silikonowy%2C-gruby-12mm-x-18mm-12---1m.jpg|Waz-silikonowy-gruby-Drinkit-9x15mm_1.jpg
1144|arer985-przewod-silikonowy-gruby-6mm-11mm-1-4cala.jpg|Waz-silikonowy-gruby-Drinkit-9x15mm_1.jpg
1145|dfa8799661cd9b0e8cedd2fe5b1e677d.jpg
1146|COOBRA-WiFi-ATC-EOP20.webp|WIfi.png
1147|302c27ce90397a14cf690e4dece3d016.jpg
1148|bf7cf075df477f6bea0afcfad609b345.jpg
1149|737647f4d735069642073fd41bc51ecf.jpg
1150|647e9a2df7027e00efbb42343a2a5d39.jpg
1151|Menzurka-szklana-250ml-z-podzialka-i-stabilna-podstawa.jpg
1152|b094950e1df70c1fc53b7689d9807d84.jpg|e0af47ad79e545a74b6b3c608b12c843.jpg
1153|347fa6e9b750bb25ee24d6e8804781f8.jpg|61aab9af3c75210f6eea57d790212e10.jpg
1154|Przewod-A06---Fi5-6-miekki---1mb.png
1155|f52f69465e1db6e30eb1b41c3fd071c1.jpg|cc9e0bed487506fb2b65b7c05f9229b7.jpg
1156|Syfon-automatyczny-44cm%2C-zlewanie-wina-znad-osadu%2C-rurka-do-obciagu-wina.jpg
1157|20d058ee761aaa58a1e2ab3f71bb6ca4.jpg|5f43e7d1dcf4ce9ad6f7c29da81e4f8c.jpg
1158|Syfon-automatyczny-44cm%2C-zlewanie-wina-znad-osadu%2C-rurka-do-obciagu-wina.jpg
1159|Syfon-automatyczny-44cm%2C-zlewanie-wina-znad-osadu%2C-rurka-do-obciagu-wina.jpg
1160|365944e74c5e8d861f4aab4452bee6a2.jpg
1161|140afc47dd8c65288c3e4326d78a4d0e.jpg
1162|6d37d2a58027d6afa7c24945da790d0d.jpg
1163|f9b897a82c59d4070ffc86936efc5afb.jpg
1164|Przewod-A08---Fi7-8-miekki---1mb.png
1165|d676d1fb8eee24683cd5c393816ea9d2.jpg|bb5cd9ed9862bd3ec90ba3c2bcddd90d.jpg
1166|Przewod-A10---Fi9-10-miekki---1mb.png
1167|Wezyki-silikonowe.png
1168|6c3a7c858b5a54547f3f097c55b14ec2.jpg
1169|856a3419b4092d9ef01908b3f36059a7.jpg
1170|Przewod-A12---Fi11-12-miekki---1mb.png
1171|682ec75b01daba3dd827fb0e0184f23d.jpg
1172|d5953605238ac1d41d4d2372aebb71e1.jpg
1173|7ba1a5b23a317cb79707ef95fa37e82a.jpg|5a5ce3cdbe8103b5df4f17192f6e48a5.jpg
1174|df4c31fede802ffef9a0afe6d3a7edf7.jpg
1175|Wezyki-silikonowe.png
1176|f8a2582f0e3cc0bdc959baf5db028a21.jpg
1177|gruszka-do-pipet-czerwona-trzyzaworowa.jpg|0c7e03118f0a5655d4d177ee1370ecd7.jpg
1178|Wezyki-silikonowe.png
1179|4ad7f9514bb826c3ba31e5164243aee5.jpg
1180|2f35c112a01f77daf95727e4295fddad.jpg
1181|Syfon-automatyczny-44cm%2C-zlewanie-wina-znad-osadu%2C-rurka-do-obciagu-wina.jpg
1182|chem-006-Butelka-biala-boro3.3-z-nakretka-gl45-5L.jpg
1183|7e9cb4fc881d135b907e9cfa0dce9689.jpg|9889ebcf8c399eb578aa5d3c1b7d171b.jpg
1184|Cyfrowy-pH-tester-z-ATC.jpg|Elektroniczny-pH-tester-z-ATC.jpg
1185|5bec7f9202a8782b9f714dba69f0be40.jpg|16370d1e72fc7f94e9427e058220e246.jpg
1186|Przewod-A18---1mb.jpg
1187|49a06f6803efb8471cfcd4122fe0af80.jpg
1188|5557ad0acfa10bf4a7da7567d419e3b8.jpg
1189|7b121feb72ac855e35eb1faa49cd922c.jpg
1190|91cb5540c0860c0fa0c44e3d95f36214.jpg
1191|adfd23c1849de1c7a17d4a89cd882810.jpg
1192|6b21f2eaf62062fa8804fe86fca8f913.jpg
1193|2a8db2e25e01b3276723cb8c84840965.jpg
1194|43b7ac6607a56cf9c07c577cfa94f6fc.jpg
1195|0842e8f377a320606e9e55ca1c78a389.jpg
1196|zlewka-zakrecana-plastikowa-250ml.jpg
1197|2a2f306a7935e8caa5d41d5625f46113.jpg
1198|Kolba-stozkowa-BORO-3.3-szeroka-szyja--3000ml.jpg
1199|1779a7c0f8c70aeb02f76f37054c4b7e.jpg
1200|58ef070df416efff43f168a46b030d27.jpg
1201|f3f48cecec28ff49a683700ee05d4f00.jpg
1202|b3bb8b4d8a97f4e7f6afbf1352837422.jpg
1203|2b19908ec78b7f2eff33a79871003bfe.jpg
1204|2f8419fa75ab4b13c514288be57f9945.jpg
1205|94f9596190d81edf771c338dc49a73ef.jpg
1206|ITAL-594-Lyzka-35-cm.jpg
1207|ITAL-595-Lyzka-40-cm.jpg
1208|Pipeta-10ml.jpg
1209|Pipeta-precyzyjna-25ml.jpg
1210|Lyzka-38cm.jpg
1211|ITAL-593-Lyzka-30-cm.jpg
1212|lyzka-piwowarska-50-cm-2.png|Lyzka-piwowarska-50-cm.jpg
1213|Pipeta-28ml-z-gruszka.jpg
1214|3dfb1830d2da1f74e54a78f64e56b992.jpg|f277f8708f247eaf004f9c5e4778d907.jpg
1215|3d9be5174a99b23fe2504f3e22e3f488.jpg
1216|dd2e08591a72ae6f590eef917ac345cb.jpg
1217|ITAL-592-Lyzka-25-cm.jpg
1218|081f0d362a3bb0ecfeed156560c6f3d5.jpg
1219|762d133b4140eeca80c56c31b1e8f016.jpg
1220|Lyzka-plastikowa-42cm-szufelka.jpg
1221|ital-591-Lyzka-19cm.jpg
1222|aad024f38263227c7dbfd9152df99882.jpg
1223|9b5fe574d719cc656ff492d42b5cc3b3.jpg
1224|5d6fc56bc078ca58225d0587556d58b4.jpg
1225|Pompa-magnetyczna-MP-15RM.jpg
1226|pipeta-stalowa-z-gruszka-480ml.jpg
1227|2a2dab6528466cc1a5f583d8b27d0e01.jpg
1228|ee09f767a0d69443940491e40e60da98.jpg
1229|ec725daee5a812ab04b22cbd1758fb33.jpg
1230|829f364e6afdadf772b8a4202930e0f0.jpg
1231|83ef7fb4ca6e1915998a6da31b742956.jpg
1232|33185e6d107dc31df179e40d8e045e89.jpg
1233|e76dc653fee1b7cde71e634a49655302.jpg
1234|d213aef2fffd744cf1ca72eb85bb1400.jpg
1235|82e2c70c2acfc8303f1d5559dfcebf90.jpg
1236|5aa3b4726a3a70600451b546b6e8c1c2.jpg
1237|f8dde1da9d73729bd664b474ddc41556.jpg
1238|Proszek-do-kalibracji-pH-testerow-6%2C86pH.jpg
1239|a278a6ef74d379f69b85e778e86ff679.jpg
1240|arer-089-Refraktometr_001.jpg|arer-089-Refraktometr_002.jpg
1241|4b4110c414720ce7c582e2535d0bd815.jpg
1242|866002e29ffd028ceda970bb466e208c.jpg
1243|f40560c7ddcf20177d6f276d839ea7fe.jpg
1244|c14da2e70626ad14f6ef8207263a38db.jpg
1245|ee0537c8192a3ded75054de212340be7.jpg
1246|6de6848712b1b0e7c819b53f278e8abd.jpg
1247|ital-590-Lyzka-plaska.jpg
1248|8ddf25069402e6c27723ddf58ec5384a.jpg|b47630d7bd9f077d46826cbabc0e6e8d.jpg
1249|526b1f1e073f1dedf6e5ce219677a4c7.jpg
1250|Wezyk-PVC-12x15mm---1m.jpg|ital-164-Waz-igielitowy-do-zlewania-12x15mm---100m_003.jpg
1251|bb7c138bed748bf8a00fecaf67d7b708.jpg|1a7168d38f19ed2be6365b6da8f75361.jpg
1252|ddcfc8231ce07eb44500b6ba302b67a9.jpg
1253|Inkbird-ITC-310T-B.jpg
1254|7cf72ed0df934bebfcc220d3b434ead9.jpg
1255|ital-164-Waz-igielitowy-do-zlewania-12x15mm---100m_003.jpg
1256|Zestaw-Koktajl-Kilner.jpg|9b10d605f36cc6b176a43027434fb891.jpg
1257|46e60f5de13fdaea023e4953f94aa6a7.jpg
1258|0f3c2b82be5ee9df01d0251696b7570f.jpg
1259|88f8cb6dc6cc5e96b382e91a5341f390.jpg
1260|c46d58cd1d3bde25fd0e56f21331fd0e.jpg
1261|b76e1bfaf7dc6dd56a8fe8d172aa612c.jpg
1262|Browin-wezyk-do-sciagania-znad-osadu.jpg
1263|ce9dd4d5f2c4ea34662389f1543a41f5.jpg
1264|Browin-zestaw-wezykow-do-destylatora.jpg
1265|23816bf25dd7daf58b0b94a8b7375616.jpg
1266|0fdd3169c8440cf4115a1eff5498d3d3.jpg
1267|9e759deb3fef3bb590a9d326c682a4d7.jpg
1268|93492fd7a742ea37a8d8fa56a8f62e57.jpg
1269|448a6c2c671be9d70d84109485224ca8.jpg|8707eab792ea1a041e1d853c718ab4a9.jpg
1270|Browin-wezyk-do-obciagu-wina-z-gruszka-i-zaciskiem.jpg
1271|195d855454b92353422246d6a1d64ea4.jpg|02f43050edaf3cb1772fdff78770a262.jpg
1272|f545c185582ed6eb9708b1bde6aaea35.jpg
1273|485cc6dd17f0fac0197b551b9a666b9a.jpg
1274|4582cb78cf2de1f274d06432e646b308.jpg
1275|43a01626561f2fa7f048bb0305bf8114.jpg
1276|Cylinder-miarowy-plastikowy-250ml-wysoka-przezroczystosc.jpg
1277|de4fae8ede73608d9627a8765ae0078f.jpg
1278|Lyzka.png|lyzka1.jpg
1279|f6e5edd631a8a01ba040b397cd1a4f48.jpg
1280|Cylinder-miarowy-plastikowy-500ml-wysoka-przezroczystosc.jpg
1281|5a2cc074070266c11564d6eaa5a07ca8.jpg
1282|Cylinder-miarowy-plastikowy-100ml-wysoka-przezroczystosc.jpg
1283|8a87aa5598e6bc70fbc6898e62aa96d2.jpg|3a2151b96eaa54de8b6c77ee5bc438ec.jpg
1284|5ec9bb4b58b692cec6700debbaceffd9.jpg|1978eaa982ea02cccd5de40682cc23a7.jpg
1285|Dzbanek-z-miarka.jpg
1286|Dzbanek-z-miarka.jpg
1287|332906711223283551287d7e5083ff29.jpg
1288|6bf092eb233690cbd4c6afacdd3ba6d3.jpg
1289|f69d7bafc98b92f7fca2439012229cb8.jpg|898994a553cba708961185e3ce393363.jpg
1290|5abce6c3696db112e6c313bb95594e3e.jpg
1291|Dzbanek-z-miarka.jpg
1292|dbbe4d5f09bf485d965f9735d6a855a2.jpg|acaadc869feedeb05d49e98bb3d99b37.jpg
1293|Lyzka.png|lyzka1.jpg
1294|d3871b4ca57b2eea54014429130cdfef.jpg
1295|7e0b4a1cabe2548356d5de6d55d2152e.jpg
1296|szklana-probowka-koliste-dno--bardzo-wytrzymala.png
1297|2f5d51df2b2d5693e8500047beed9b97.jpg
1298|Why-Mummy-Drinks.jpg
1299|82ccb2320cb04973aa0b07fc9e62c084.jpg
1300|516b6b4cb039d13bdc9a625347b73a7a.jpg
1301|Clan-Castle-Scotch-Whiskies.jpg
1302|2e8a0912678d4ea08cd3402e42027a5f.jpg|4a8eee77907b3f8ef052fb27e1a73b03.jpg
1303|b8d7946bafaee1a2db001ca93bc3baa7.jpg
1304|a0e670c60f6a6d2f141416b06ca752f6.jpg
1305|b8c7cc083cff11b95ceda77c00ecdc7a.jpg
1306|Rurka-do-zlewania-znad-osadu-HAVERT-PP.png
1307|09967ed09c117e0bf147180a850760d5.jpg
1308|Probowka-FALCONE-50ml-z-zakretka.jpg
1309|e448d118f2e2c7c2d8973e2513ecb80f.jpg|654ab03e66c6b9e2592e8a437bebd433.jpg
1310|728d2d0d37e921ced9923e9e4a5c1121.jpg
1311|Rurka-do-zlewania-33cm110cm-z-kranem.jpg
1312|Rurka-do-zlewania-72cm150cm-z-pompka-i-kranem.jpg
1313|Genn-wezyk-silkonowy-12mm_001.jpg
1314|Rurka-do-zlewania-45cm110cm-z-kranem.jpg
1315|Zacisk-do-wezykow-przewodow-czarny-002.jpg
1316|Zawieszka-do-rurki-Fi9mm.png
1317|e04ce314abe2dd175a4a4318a107bdee.jpg|0df17a2758507adc152d592ab6b549df.jpg
1318|ital-166-Klips-zawieszka-do-weza.jpg|5792.jpg
1319|d2550460f294a2caafe552d7e113d91a.jpg|00c50583b58cabc438b20cc68ab806db.jpg
1320|Rurka-do-zlewania-45cm110cm-z-pompka-i-kranem.jpg
1321|Rurka-do-zlewania-55cm150cm-z-pompka-i-kranem.jpg
1322|Sloj-z-kranem-pokrywka-w-kratke-zakrecana.png
1323|Rurka-do-spuszczania-wina-HAWERT-FE.png|Rurka-do-spuszczania-wina-HAWERT-FE.png
1324|039a7eec64d91064efd461e6e502cbf6.jpg
1325|54cad2459a5bb1c55bef5acffcec8dbd.jpg|174afc365352f73a5dfebe2fe04f54ab.jpg
1326|Rurka-do-zlewania-33cm110cm-z-pompka-i-kranem.jpg
1327|Rurka-do-zlewania-wina-znad-osadu-BLASHAWERT-FE-special.png|Rurka-do-zlewania-wina-znad-osadu-BLASHAWERT-FE-special.png
1328|5829fcd04bce3c18b227212fa6bf4fe3.jpg
1329|Suszarka-50-butelek-moduly-nakladane.jpg
1330|dd5f2236db687e4f09215dc85f6f8e31.jpg|36d975804fb94d2e78afbbb3f1a79a69.jpg
1331|3baf8ea1948d0842ca941df0858c97ca.jpg
1332|Zapasowy-modul-nakladany-na-10-butelek.jpg
1333|Zapasowy-modul-nakrecany-na-8-butelek.jpg
1334|Korek-sciety-19x27mm.jpg|26c5f7af95680f74d1ed0ed918e8f8c9.jpg
1335|586dfd836d91aa7b53ef7e43ba91cb62.jpg
1336|f065bc77277ef75aaaeca0fe791db095.jpg
1337|Korki-naturalne-lite-Superior-24x45-mm-opakowanie-30szt_002.jpg|Korki-naturalne-korki-lite-Superior-24x45-mm.jpg
1338|68402d5286f360a9b07c851d8d0d9898.jpg
1339|arer-102-Korki-lite-22x38mm-opakowanie-30szt_001.jpg|Naturalny-korek-lity-22x38mm.jpg
1340|f59b6adbd8bb2622fef98dffe525ef49.jpg
1341|ec01273f79e3c4d8b72afe0b047fa473.jpg|ecfcbdb96673d52e90ca0922b178dc69.jpg
1342|Korki-korek-kolor-bialy-do-korkowania-butelek-23x38--1szt.png|Korki-korek-kolor-bialy-do-korkowania-butelek-23x38--1szt-1.png
1343|biow--butelka-zielona-na-wino.jpg
1344|Korki-kolor-naturalny-do-korkowania-butelek-23x38--1szt.png|Korki-korek-kolor-naturalny-do-korkowania-butelek-23x38--1szt.png
1345|d51db49a472b06838c859e36c719b5b0.jpg|c795e21d46f575fd4e5ef63432b1ac3b.jpg
1346|Korek--kaptur-gumowy-50mm.jpg|Korek--kaptur-gumowy-50mm-do-rurki-fermentacyjnej.jpg
1347|Korek-18%2C5mm-grzybek-drewno-braz-29x16mm.jpg|2115e6d5138d8e6de3b40c1f03c3249e.jpg
1348|62b930df34439cdeeaec041ab3ae5ad2.jpg|biow-194-Butelka-Piersiowka-200ml.jpg
1349|Korek-19mm-grzybek-plastik-bialy-29x9mm.jpg|29c598dd28102c58535b516c80214fa5.jpg
1350|Korek-19mm-grzybek-drewno-jasne-28x11mm.jpg|fd7979cdb5e22bf22e60612e4e1afd3d.jpg
1351|Korek--kaptur-gumowy-40mm.jpg|Korek--kaptur-gumowy-40mm-do-rurki-fermentacyjnej.jpg
1352|57ab7136fd246dbd2999ba11fe26416d.jpg
1353|Korek-18%2C5mm-grzybek-drewno-jasne-29x16mm.jpg|db11bcd8d55ae2df969cb19b5b4a48fd.jpg
1354|91f219ec4dc8cf0e3e2c13af4161280e.jpg
1355|Korek-23mm-grzybek-drewno-jasne-33x13mm.jpg|6ac33e0565d01a76cb2170842df0e553.jpg
1356|Korek--kaptur-gumowy-60mm.jpg|Korek--kaptur-gumowy-60mm-do-rurki-fermentacyjnej.jpg
1357|d973a61b85349fc01cf32a6dbd88c5f4.jpg|b0b2feabd84d635dccf93b4dc4afef4c.jpg
1358|Korek-23mm-grzybek-drewno-braz-33x13mm.jpg|68ba79f95293449568ced751d80e6463.jpg
1359|e6aa73afcedb87b80e57e20fa9dfc5c5.jpg|b4651fa664e50f4bd14dcfa4dbdd2983.jpg
1360|43909ebc4b067b1032b3cc791360e125.jpg|8495a04be4cd8411df04e790c95a288d.jpg
1361|Korek-19mm-grzybek-drewno-braz29x16mm.jpg|a6dead152510bdc0e2fe7a1dafb4fd32.jpg
1362|Korek-19mm-grzybek-plastik-czarny-30x9mm.jpg|7c8073fd22be287a733313dc4d963ece.jpg
1363|Korek-19mm-grzybek-plastik-czerwony-28x9mm.jpg|b4476bd88627554c3f3cf47fbc72e678.jpg
1364|9abd955624dbbc82f312e4738eae310f.jpg
1365|ac197ab08f8928c5732bb30685fb22e5.jpg
1366|7d87c01333cef9d9fda71179fb7a72b0.jpg|3c4a19a8c21db9ea32d76881f620e318.jpg
1367|Kapturki-termokurczliwe-srebrne.jpg
1368|Kapturki-termokurczliwe-czerwone.jpg
1369|Kapturki-termokurczliwe-niebieskie.jpg
1370|Kapturki-termokurczliwe-fioletowe.jpg
1371|Kapturki-termokurczliwe-z-owocami.jpg
1372|butelka-monopol-nowa.png|e382f8ca6346e2485f0ab62541544113.jpg
1373|kapturek-pomaranczowy.jpg
1374|Kapturki-termokurczliwe-czarne-blyszczace.jpg
1375|Kapturki-termokurczliwe-czarne-matowe.jpg
1376|kapturek-winogrono-trunek-domowy_001.jpg|kapturek-winogrono-trunek-domowy_002.jpg
1377|sterylizator-eko.jpg|b7c1cc35e860ba594d13c63102bdc8ce.jpg
1378|kapturek-miod-pitny-pszczola_001.jpg|kapturek-miod-pitny-pszczola_002.jpg
1379|Kapturki-termokurczliwe-bordowe.jpg
1380|kapturek-kieliszek-butelka-wino-domowe_001.jpg|kapturek-kieliszek-butelka-wino-domowe_002.jpg
1381|kapturek-miod-pitny-sloik.jpg
1382|Kapturki-termokurczliwe-zielone.jpg
1383|5beca065083d66fe350be80217b800f9.jpg
1384|Lejek-maly-8cm.jpg
1385|e7420f01396ebc6ffb56ce537294611c.jpg|7a391a216401eb8cedcb1e6098b336c5.jpg
1386|ital-053-lejek-d30.jpg
1387|ital-054-lejek-d35.jpg
1388|Lejek-CM.21.jpg
1389|ital-055-Lejek-d40.jpg
1390|Lejek-CM.32.jpg
1391|Kapturki-termokurczliwe-zlote.jpg
1392|3efa69d6fe05e2aea50e6362c3c44a71.jpg
1393|a6cd8fb4d90471636706b90a84025e8a.jpg
1394|1058c8a75f68187328385c5de5ff5d19.jpg
1395|e06e084832d99e032fe8515673b1208c.jpg
1396|kapturek-czarny-winogrono-zlote.jpg
1397|0d9b52393f0c828d09eaf2235bfc4e75.jpg
1398|ECO-G-009.png
1399|Lejek-Fi-15cm-z-odpowietrznikiem.png|ce85b9ff693ccd2cfd6f69d170aab415.jpg
1400|Sloje-na-stojaku-czarna-zakretka.png
1401|ital-045-sitko-do-lejka-d25-30.jpg
1402|Sloj-z-kranem-3.8l-Cytrusy_001.png
1403|9523a4e537a199733a534027bbfe3542.jpg|8e8d9421e5f682d4309092f6cfb607ce.jpg
1404|3127da222790b4f269618515feb35c04.jpg
1405|Lejek-CM.45.jpg
1406|ares296-lejek-wysoki-z-sitkiem_001.jpg|ares296-lejek-wysoki-z-sitkiem_002.jpg
1407|ECO-G-004.png
1408|Stalowy-lejek-do-napelniania-butelek.jpg|Stalowy-lejek-do-napelniania-butelek.jpg
1409|ital-044-sitko-do-lejka-d15-21.jpg
1410|fd599049e3bf9aca8d46b2fb10730bb5.jpg
1411|6687faabf2a813eb364a95da8d346f59.jpg|fea5b2a51e9f78c946aa9ede2067cbe0.jpg
1412|e7fe307f5865394e93e93f61b740b6d3.jpg
1413|butl-504-BECZULKA-CZERWONA-4L-Z-KRANIKIEM-NA-PODSTAWCE.jpg
1414|Butelka-BONAPARTE-500ml-z-korkiem.jpg
1415|butl-505-BECZULKA-ZIELONA-4L-Z-KRANIKIEM-NA-PODSTAWCE.jpg
1416|butelka-elipsa-200ml.png
1417|0e59ac552af30459fbcdbdbd062ed9bc.jpg
1418|Butelka-Burgunder-0%2C75L-oliwkowa.jpg
1419|Fenice-100ml.png
1420|Automatyczny-nalewak-do-butelek-FERRARI.jpg
1421|butelka-alexis-375-ml.jpg
1422|chom-beczulka-szklana-bursztynowa.jpg
1423|Butelka-fala-1.png
1424|butl-045-Aisha-500-ml-z-korkiem.jpg
1425|Eco-Gin-500ml.jpg
1426|Butelka-FUTURA-500ml-z-korkiem.jpg
1427|Butelka-ISKRA-500ml-z-zakretka.jpg
1428|Butelka-koneser-500ml-z-korkiem-butelki-na-nalewki.jpg
1429|Butelka-ozdobna-niebieska-1L-z-zamknieciem.jpg
1430|c053bb54f070b5b28514934c8a22a6cb.jpg
1431|7c4726641de601973bfe540f16c435d2.jpg
1432|moskwa-250ml-a.png|moskwa-250-ml.png
1433|Herbowa-250ml.png
1434|Eco-Gin-700ml.jpg
1435|Butelka-na-nalewki-domowe-KONESER-250ml-z-zakretka.jpg
1436|Butelka-GALIA-700ml-z-korkiem.jpg
1437|c2309c68c8ae89fe0a3cc1cbaae7ed76.jpg|Butelka-Gadzet.jpg
1438|moskwa-100ml.png|moskwa-100ml-a.png
1439|Lodowa-500ml.png|Lodowa-500ml-a.png
1440|Butelka-Kwadratowa-500-ml.png
1441|Dysza-do-butelek-FRONT-JET-45cm.jpg
1442|Dysza-do-balonow-FRONT-JET-60cm.jpg
1443|Dysza-do-butelek-MULTI-JET-35cm.jpg
1444|ECO-G-010.png
1445|Butelka-Quattro-Stagioni-1l-1.jpg|Butelka-Quattro-Stagioni-1l-2.jpg
1446|Dysza-do-butelek-FRONT-JET-35cm.jpg
1447|Butelka-UKRAINKA-500ml-z-korkiem.jpg
1448|Butelka-na-whisky-WALKER-OZDOBNY-700ml-z-zakretka.jpg
1449|Butelka-Quattro-Stagioni-do-smoothie-200-ml-1.jpg|1-butelka-do-smoothie-bormioli-rocco-quattro-stagioni-200-ml.jpg
1450|MOD-B-501-productGfx___overlay_500_500.jpg
1451|zubr-250-ml.png
1452|Dysza-do-balonow-MULTI-JET-60cm.jpg
1453|Dysza-do-butelek-MULTI-JET-45cm.jpg
1454|butl-003-Ukrainka-200-ml-z-zakretka.jpg
1455|Dysza-do-balonow-FRONT-JET-35cm.jpg
1456|e470b4c3aaaf75c2337013a627158b4f.jpg
1457|Butelka-Quattro-Stagioni-do-smoothie-410-ml-1.jpg|Butelka-Quattro-Stagioni-do-smoothie-410-ml-2.jpg
1458|Dysza-do-balonow-MULTI-JET-35cm.jpg
1459|ECO-G-001.png
1460|ECO-G-008.png
1461|ECO-G-007.png
1462|ECO-G-051.png
1463|ECO-G-002.png
1464|ECO-G-050.png
1465|ECO-G-005.png
1466|ECO-G-003.png
1467|Kapturki-monopolowe-zlote.png|Kapturki-monopolowe-na-butelce.png
1468|Kapturki-monopolowe-czarne.png|Kapturki-monopolowe-na-butelce.png
1469|426c0f13bc46c37307380dbd020ff97c.jpg
1470|7e6c6797472d0b6f0f7d93c1d6c32863.jpg
1471|c4903b65b26d81e9cb92a975010a6aa6.jpg|23525362212da0d68d2b641741f254f8.jpg
1472|bd605b806aacbe9b33062054118c0e05.jpg|c0196b43590586201a01111ce64abef0.jpg
1473|4a6a5ddd9bfa4e47142a0dd154a39594.jpg
1474|2c94b42d93f82917d7d6f7f05109358d.jpg
1475|Korek-silikonowy-3035mm-H38mm.jpg
1476|a010a7ffed02a64d9a377459a2c65b13.jpg|d67cdbf3cb1f1bdb796d39336ab7b971.jpg
1477|Korek-silikonowy-45%2C555mm-H48%2C5mm.jpg
1478|Korek-silikonowy-32%2C538mm-H38mm.jpg
1479|0244c324b76e67c26969cf048f7bc386.jpg|37d028d729450b616351885a20ccadfb.jpg
1480|aab7e47942f6de71d58ad6e495dbd6b7.jpg|a32e35d32d7736dfb864949a3f21f305.jpg
1481|1af97c7aa9fa31b658f0e28e09f4590f.jpg|ed588e7f15a97161b2d6e48447dc5693.jpg
1482|ffbc1ca46c5427f61d813a2d4ccfba87.jpg|6dcf2984afecb871cf24fe12de2286fa.jpg
1483|7bbb70e126e26dd215a747c151e2d7ac.jpg
1484|37bde86a4edddf72cf19fcb5537d50ac.jpg
1485|8beba45f0c586279c79586b556f527ab.jpg|65849d663a0e53a17c042b2f9a20bb1d.jpg
1486|589514949d89e9f8ac5d5c91b6582617.jpg|77ef84b13f383ec4d8c79f42c0389e8b.jpg
1487|558fe2215dfd1eac8aacb0570cb815b1.jpg|06b558a0251d7c3bafb615d4905322de.jpg
1488|4f6e754473f2cdec44efb0fd0329a2cc.jpg|27f6655dc78c4358fc1b4cc6c808f0f8.jpg
1489|sitko-do-lejka-KOL-B-030.jpg
1490|nalewak-automatyczny-do-butelek.jpg
1491|ec6d12fc89f486f58563671d5fca1f31.jpg
1492|myjka-do-butelek-magnum-45cm-multi-jet.jpg|ital-181-myjka-do-butelek-magnum-45cm-multi-jet.jpg
1493|0ae3b67d5ee794d0a263259cba48fb36.jpg
1494|Lejek-do-sloikow.jpg
1495|Modulowy-ociekacz-do-butelek-2516-z-podstawka.jpg|Modulowy-ociekacz-do-butelek-2516-z-podstawka.jpg
1496|Sloik-Bormioli-Rocco-Fido-2l-1.jpg|Sloik-Bormioli-Rocco-Fido-2l-2.jpg
1497|myjka-do-butelek-magnum-45cm-multi-jet.jpg|ital-183-myjka-do-butelek-magnum-60cm-multi-jet.jpg
1498|ITAL-180-myjka-do-butelek-35-cm-multi-jet.jpg|Multi-jet.jpg
1499|Modul-do-ociekacza-do-butelek-2516.jpg|Modul-do-ociekacza-do-butelek-2516.jpg
1500|Piersiowka-Plaska-500-ml.png
1501|Korek-silikonowy-5666mm-H55mm.jpg
1502|myjka-do-balonow-35cm-multi-jet.jpg|myjka-do-butelek-magnum-45cm-multi-jet.jpg
1503|BIOW264-sloj-3l-z-plastykowa-pokrywka.jpg
1504|2a57577b522d449044fe1f67c3f5b402.jpg
1505|Sloj-7.6l-Vintage-Company.png
1506|Sloj-z-kranem-owoce-szklana-pokrywa.png
1507|Sloik-Bormioli-Rocco-Fido-4l-1.jpg|Sloik-Bormioli-Rocco-Fido-4l-2.jpg
1508|Sloik-Bormioli-Rocco-Fido-3l-1.jpg|Sloik-Bormioli-Rocco-Fido-3l-2.jpg
1509|BIOW264-sloj-3l-z-plastykowa-pokrywka-zolty.jpg
1510|b9e3e49d2357b08663547f9e871eb00c.jpg
1511|5b2ca5d2a17d85915c305e432610e322.jpg
1512|Sloik-Quattro-Stagioni-1l-1.jpg|Sloik-Quattro-Stagioni-1l-2.jpg
1513|Sloik-Quattro-Stagioni-1%2C5l-1.jpg|Sloik-Quattro-Stagioni-1%2C5l-2.jpg
1514|Sloik-Quattro-Stagioni-Wide-Mouth-320ml-Bormioli-1.jpg|Sloik-Quattro-Stagioni-Wide-Mouth-320ml-Bormioli-2.jpg
1515|Uszczelka-do-pokrywki-od-sloja.png
1516|Zamkniecie-patentowe-do-butelek-Maur.jpg
1517|Zlota-zakretka-dluga-30x44mm-do-butelki-na-wino.png|Zlota-zakretka-dluga-30x44mm-do-butelki-na-wino.png
1518|e57d6ece3c517427ca60bcad35e71054.jpg
1519|Uszczelka-kilner-mniejsza.jpg
1520|Uszczelka-kilner-wieksza.jpg
1521|ed1e48b56dee1be0717010d680a9ccea.jpg|ef52dc76d00e67fb0e2dd92cc6167486.jpg
1522|Zaciskarka-do-zakretek-fi28.jpg|Zaciskarka-do-zakretek-fi28--002.jpg
1523|18bf8d8a21cc631503d04ca5f3bde353.jpg
1524|21a47afbb5d3ee602082ec7d1f692dcf.jpg|597602870a6bb72fa19f4df61455d178.jpg
1525|Sloj-z-kranem-6L.png
1526|14301c4f016062a83de981a84a70ec51.jpg|22d2c0ed193667a50661b5bb917d6a08.jpg
1527|Sloj-z-kranem-3.8l-Quality-Glasswear.png
1528|8cfaf9ac3bef97cdc1ba5c395d3699ab.jpg|4c66ba981bad8c4d1811f99750400f0a.jpg
1529|f406814f48fde41f18ed1c360fce7d45.jpg
1530|Suszarka-na-50-butelek-moduly-nakrecane-z-raczka.jpg
1531|bbc04193f730a3039eca2fdece043ce4.jpg
1532|Butelka-Choinka-500ml-2.png|Butelka-Choinka.jpg
1533|Suszarka-na-50-butelek-moduly-nakrecane.jpg|Suszarka-na-50-butelek-moduly-nakrecane.jpg
1534|1a2c395f4c9cebd4ad7c5fd2fbd5a34d.jpg
1535|Suszarka-90-butelek.jpg
1536|Butelka-Choinka-w-gwiazdki-250ml.png|Butelka-Choinka-w-gwiazdki-250ml-1.jpg
1537|741c740d3c4e99e35e43a4c83d100907.jpg|46b7e50eddeb7d3df7d509e6c7fdf2fe.jpg
1538|d20ce4ae2d2904d38e7335aacf2d3ea3.jpg
1539|62574acda9f669e07e93b7771588df67.jpg
1540|Suszarka-na-80-butelek.jpg|Suszarka-na-80-butelek-MODULY-NAKRECANE.jpg
1541|9a7e65c135e6fd53e43eb1dfafffd0c4.jpg
1542|e20b033ff5839f983825c39b7c2104ae.jpg|8524864295038c2f9640315c9839f4c9.jpg
1543|c3770cb1c0fdb10f0b21b141be35b888.jpg
1544|Monopolowa-0.7L.png
1545|97ea4d396c40ada905ca259253d43efb.jpg
1546|049c1162fe0a3835300184eea9fb0a50.jpg|9a5ed668603dd4d84f314a271e6e4a79.jpg
1547|a6fb3b124b34d1f2a6ea31d2bd8c445c.jpg
1548|c358f305663a4f8a3feb9d80a8b0a3f7.jpg
1549|2d2dca7a87de55b4aceef98743cea69c.jpg|e554dc570245a29dfee653ea1c939c64.jpg
1550|a64b92157a7250b29f7d7c664399ae1a.jpg
1551|f5db551e2d24bcb0077afb9c00edf1b5.jpg
1552|Butelka-Choinka-200ml-2.png|Butelka-Choinka-200ml-1.png
1553|85f936cba493d80873acf04498b048af.jpg
1554|483a3b3727eb267be2d28bbcb0582055.jpg
1555|c01f9ffda92678fe66948db027b40253.jpg
1556|caf071f9f74111eaf1b3397628875afe.jpg
1557|Monopolowa-1L.png
1558|50c3d8f688071047000999e82bbf0bdc.jpg
1559|036429cbe8849aa9271aa982dd1a48d6.jpg|1284a90338f0af7924ed2ce943934748.jpg
1560|f3f7e649554f489b76d11bd66715b142.png
1561|c410fcb65ee36b1149e36b43a3964782.png
1562|42010522a9b9c79c8956b485758122f5.png
1563|02d0583c90962d5892299f127bf428f1.jpg
1564|5c2a116e3a83072556f4ca7310758329.png
1565|5641.png
1566|76204947436ca1fa743e5df626ee2bb3.png
1567|900f121e1b7ea3bc333f3f0f37c8d994.png
1568|4e672422daabe86df0625ef5536955a2.png
1569|048c2ee3a8e0efbe6cfdccfd9c74da8d.png
1570|4d74d658b3888d0818dd0e2b75854117.png
1571|635f4f59fefccdfd6a19ffd6ac0968f0.jpg
1572|52630683dc1386bd2cafe3faaec23bc7.png
1573|6063babb2eeef0326e02e45a7bcdde42.png
1574|8cef4382383e989396786b4fa7a95873.png
1575|df5d144f0f7ebb992adc65da7e15bdeb.png
1576|b2d4656d72799bc318009d96a59e1ae9.png
1577|5f7f367f39ec1089484cfe0bb1eef5cd.png
1578|a2a8ed4f995a144c2a9fcfdcfba56dab.png
1579|b8401e22efadf8b7d106abf53542c57e.jpg
1580|4d265703ae2657579a6003b51430a8da.jpg|3b482b9cde96f3de6c4767289344c7cb.jpg
1581|Kapturek-wesleny-czarny.png|Kapturki-butelki.png
1582|d42ead8629d4bb8d016287fd88650982.jpg
1583|Kapturek-weselny-bialy.png|Kapturki-butelki.png
1584|Kapturek-weselny-rozowy.png|Kapturki-butelki.png
1585|d62479a23378de3882c03fa18b3582d8.jpg
1586|3c31198a3c25a4f7f0bfff15957b61a4.png
1587|fcd5e49e755cb797073ad72096cd596b.png
1588|72f964ab290c5f70452310c5fdcb5414.png
1589|ecb515c6e109695dec507d5f80a51460.jpg
1590|fdcddfb9984f533f40e6d9ecd33d7300.jpg
1591|e93eab791716c14dc47f926fef6860f4.png
1592|545a60d3b66b7f292d2f3327a6c7b6a6.jpg
1593|391fdb2bf7570d57c62130e16b470852.jpg|62759195397705571517d22386852a17.jpg
1594|Korek-do-balonu-33x28-Dama-i-balon5l-K33.png
1595|Korek-gumowy-do-balonu-2933-mm-id-397.png
1596|Korek-gumowy-do-balonu-2933-mm-id-397.png
1597|Korek-gumowy-do-balonu-2933-mm-id-397.png
1598|a4ff134011f2883ad92943fbd1c5bef8.jpg
1599|Korek-gumowy-do-balonu-2933-mm-id-397.png
1600|4bf4b556f34f589023476bc6e42030a2.jpg
1601|Korek-gumowy-do-balonu-2933-mm-id-397.png
1602|7bcf8715faa1c04e8be3b0dcb1bcf2bb.jpg
1603|994321f3ca7480a3d21827d1f7c83b52.jpg
1604|da7c2683d0ba4a78dbd50e32f7e1d4ef.jpg
1605|Korek-gumowy-do-balonu-2933-mm-id-397.png
1606|8e56fec1ff8203845b93f5d451074004.jpg|4f4c6dcf3cd29ec5ad3ab9b31262b767.jpg
1607|efa37ac5a11fe6dd4b94ea89532ba9f1.jpg
1608|78f0ae3da6512ae25adcf22d49e1ffa7.jpg
1609|70c8b4f512004a5e37537133c880c96c.jpg|f12951f8d1ccd5af95f4dec2c937e3d7.jpg
1610|cfec3634cfc5075a6fa4a61fea0953bc.jpg|fa9dd1b245c71e84b176235ec62fb209.jpg
1611|dac21d80849a4883b99d29f90a184e8a.jpg|41730efe7a0572d9b7856d7ba6f7e977.jpg
1612|0ebff8d91d94bb8fab4040b72db6cb1f.jpg|e4b5aa486ddff0378f30acfc8981a6fd.jpg
1613|9c3e94f38855b70b219435b449a64a51.jpg
1614|1d793641f9dc323120c06e1695a3144b.jpg|f5fe613386b0d1716c9860b812a3e07c.jpg
1615|439ab3b2dcfa6868a52e5ae449764bb1.jpg|71f91ddd135d8eb557ed0c7df3303a7a.jpg
1616|e4e07e345b0170d60972ae911ef0a24c.jpg|4db4d58984097b2f735b7946c439a0e0.jpg
1617|533697972b7d206d06a0b93a82894af2.jpg|64c3d48056e3bf0fe193c5fda90e7340.jpg
1618|8930be8f0d7d89c1855b2e619adbe54c.jpg
1619|238b6f4e2dd10e5b6be9bc4c43fdcc68.jpg|1a5eb4f421ef58cc3981ef4debd6c4a0.jpg
1620|186bd6eb08a7c89706cafe007620ed53.jpg
1621|06ffbaa00ade0b6cac9388a839465ab6.jpg
1622|f3ce6f436c2fb84ef03944c952be6140.jpg|cdea0739f05ac2bd43308283f8970536.jpg
1623|627fd1fdd7d78874912c777d2b9b69b4.jpg|b534cd72886cff670e300cd56fc86193.jpg
1624|b7ba27fa9f27a7a5760044b4e6864f7b.jpg|6634d00d9e18437822a591046f5a913a.jpg
1625|c83255d949c71dc1b756fccb24963b78.jpg
1626|Zakretka-28---kolor-niebieski.jpg|5712.jpg
1627|ITAL401-PLASTIKOWY-ZAMYKACZ-DO-ZAKRETEK-28MM.jpg|ITAL401-PLASTIKOWY-ZAMYKACZ-DO-ZAKRETEK-28MM_002.jpg
1628|76c1ca193b647e50f332910eb5daa87d.jpg
1629|Zakretka-28---kolor-bialy.jpg|5696.jpg
1630|7ca27f9f373b6fb62a83cb649d541536.jpg
1631|Zakretka-28---kolor-srebrny.jpg
1632|euro-108-zakretka-fi18-zlota.jpg|bfcf49bcba8357a88cb9a8b750856a98.jpg
1633|Zakretka-28---kolor-czarny.jpg
1634|d9f7ad677096ef7a647e334a3c90e27c.jpg|31d248470c8a7492c4d59dadda480bb3.jpg
1635|7b6c44628aac4a393f7251123245f6ae.jpg|9ce0f429946b98ec2918d5780b588dca.jpg
1636|48712f5a5b8f3b4c0fc9b88cf28a23a3.jpg|e5eb2cc020984203a49b18a07ceb96e2.jpg
1637|09cff0ca7177bccc10cfaa67ca0579f9.jpg|fac0835f015bfdc7661285e77e17389c.jpg
1638|Zakretka-28---kolor-czerwony.jpg|5704.jpg
1639|f658bd818c919ef65f4c48328b1f25d3.jpg|c672343204af271c5a12b7d8cc2b83f4.jpg
1640|Zakretka-zlota-31%2C5x18mm.jpg
1641|387fd3c646c07a3b4545ee5f3485c8ad.jpg
1642|e4a24d2853c38e29d47ff0fd24a86931.jpg|74300b7272a66e8be50f18b0653225e0.jpg
1643|cf6399ac7ae15660a1008dd96b4382af.jpg|c6ead48ec206a80fa35abeb9a4f69b77.jpg
1644|65b66248ed426da35acf2ce465b654b9.jpg|af5f98bf6a80d4fdc9ff7897a0101e91.jpg
1645|Zakretka-zlota-31%2C5x44mm.jpg
1646|Zakretka-28---kolor-zloty.jpg|5700.jpg
1647|f334a52078932ce017219c245ecfb402.jpg
1648|Zakretka-28---kolor-zielony.jpg|5708.jpg
1649|fd7aa163401bf8801700c722654c302f.jpg|2f0ef53a1ac631b36fd13622a10018d5.jpg
1650|be4f7b33edf22ce9062965c3f3318a46.jpg
1651|kostki-debowe-1x1-francuski-srednio-opiekane.jpg
1652|kostki-debowe-1x1-francuski-mocno-opiekane.jpg
1653|Platki-debowe-ARONEO-DOUCEUR-karmel%2C-wanilia-20g.jpg
1654|1e4749ecffa314a57dd27aa0619cc427.jpg
1655|kostki-debowe-1x1-francuski-lekko-opiekane.jpg
1656|Platki-debowe-ARONEO-EQULIBRE-lukrecja%2Cpiernik---1kg.jpg
1657|kostki-debowe-1x1-francuski-lekko-opiekane.jpg
1658|db7d5bc75fd7b1baa554cac3dc6c1626.jpg
1659|Platki-debowe-ARONEO-DOUCEUR-karmel%2C-wanilia---1kg.jpg
1660|kostki-debowe-1x1-francuski-srednio-opiekane.jpg|4c6762c9027f23bf10df5ae7a043bdd9.jpg
1661|Platki-debowe-ARONEO-FRAICHEUR-przyprawy%2C-lekki-karmel---1kg.jpg
1662|Platki-debowe-ARONEO-EQUILIBRE-lukrecja%2C-piernik-20g.jpg
1663|kostki-debowe-1x1-francuski-srednio-opiekane.jpg
1664|kostki-debowe-1x1-francuski-mocno-opiekane.jpg
1665|kostki-debowe-1x1-francuski-mocno-opiekane.jpg
1666|kostki-debowe-1x1-francuski-lekko-opiekane.jpg
1667|Platki-debowe-FR-SREDNIO-OPIEKANE-1kg.jpg
1668|Platki-debowe-FR-LEKKO-OPIEKANE-1kg.jpg
1669|Platki-debowe-FR--NATURALNE-1kg.jpg
1670|Platki-debowe-francuskie-MOCNO-OPIEKANE-50g.jpg
1671|Platki-debowe-USA-MOCNO-OPIEKANE-50g.jpg
1672|f5afb415b1c4997e8df419ac2c28db3b.jpg
1673|Platki-debowe-ARONEO-INTENSE-toffi%2C-przyprawy%2C-kakao-20g.jpg
1674|a3a5f724d711fd222b77619d12050b75.jpg
1675|ff1bc19372dcd8bc90e8f4a5918b9ecf.jpg
1676|Platki-debowe-USA-SREDNIO-OPIEKANE-1kg.jpg
1677|Platki-debowe-USA-NATURALNE-1kg.jpg
1678|Platki-debowe-USA-MOCNO-OPIEKANE-1kg.jpg
1679|Platki-debowe-francuskie-MOCNO-OPIEKANE-1kg.jpg
1680|fac357cbe0ebdef7e455c48dc052d25c.jpg
1681|Platki-debowe-USA-LEKKO-OPIEKANE-1kg.jpg
1682|5c5b2515b5a6dc5ec9fc16e28dc894ac.jpg
1683|f4b0295ce83e7495dd2679b1c9acbb78.jpg
1684|Platki-debowe-ARONEO-FRAICHEUR-przyprawy%2C-lekki-karmel---20g.jpg
1685|Platki-debowe-FR--NATURALNE-50g.jpg
1686|Platki-debowe-USA-LEKKO-OPIEKANE-50g.jpg
1687|Platki-debowe-USA-SREDNIO-OPIEKANE-50g.jpg
1688|Platki-debowe-US-BOURBON-BARREL.jpg
1689|Platki-debowe-FR-LEKKO-OPIEKANE-50g.jpg
1690|BOURBONCUBES---kostki-z-beczek-debowych-po-amerykanskim-Bourbonie-1kg.jpg|BOURBONCUBES---kostki-z-beczek-debowych-po-amerykanskim-Bourbonie-1kg.jpg
1691|Platki-Bourbon-Barrel-Light.jpg
1692|52d792a67d6e96ff4dffef26fa7bfb2c.jpg|be4d94d09730beb63c31671220a5f835.jpg
1693|Platki-debowe-drobne-Amerykanskie---Lekko-Opiekane.jpg
1694|74028d491f12c50d7e762b809fc636f7.jpg|161a83f4e012e8cd96793519a74178e1.jpg
1695|Platki-debowe-USA-NATURALNE-50g.jpg|Platki-debowe-nieopiekane-opiekane-50g.jpg
1696|Platki-debowe-drobne-Amerykanskie---Lekko-Opiekane.jpg
1697|Platki-Bourbon-Barrel-Light.jpg
1698|Platki-debowe-FR-SREDNIO-OPIEKANE-50g.jpg
1699|Platki-debowe-ARONEO-INTENSE-toffi%2C-przyprawy%2C-kakao---1kg.jpg
1700|Platki-debowe-US-BOURBON-BARREL-50g.jpg
1701|fd18d986d3c03d6adbfa372542e26755.jpg
1702|Platki-debowe-US-RUM-BARREL-50g.jpg
1703|327d8647b0e1e4300b2bbf26ae59dba6.jpg
1704|b69524ef92a847e4b780d1a3818694ff.jpg|4858884a41f7b356db515c2896d5e7d8.jpg
1705|Platki-wisniowe-naturalne.jpg
1706|Platki-drzewa-wisniowego-1kg---srednio-opiekane.jpg
1707|Platki-wisniowe-naturalne.jpg
1708|Platki-drzewa-wisniowego-50g---srednio-opiekane.jpg
1709|ff5d49c66e30efe8a6336ba926bcc31d.jpg|888c1c8b9f6a5e2c050e6db63b0c3143.jpg
1710|8a6d76a10f445ef9bdd6fab28ad4da5b.jpg|fc93e6f18777ed498bfa84521c26318c.jpg
1711|52187c3fca88c770ebdacbbbae5a3a91.jpg
1712|4039f0463ac4bcf22f33c304775d0911.jpg|74553a1181b955f9ca6d5471d887baa0.jpg
1713|9234391f39613ca875b9c7647fce9061.jpg
