ID;Aktywny (0/1);Nazwa*;Kategoria nadrzędna;Główna kategoria (0/1);Meta-tytuł;Opis meta;Przepisany URL
10;1;Promocje i Wyprzedaże;;1;Promocje i Wyprzedaże - WinoHobby;Akcesoria i produkty z kategorii Promocje i Wyprzedaże. Wysokiej jakości artykuły w najlepszych cenach.;promocje-i-wyprzedaze
11;1;DROŻDŻE TURBO HURT;;1;DROŻDŻE TURBO HURT - WinoHobby;Akcesoria i produkty z kategorii DROŻDŻE TURBO HURT. Wysokiej jakości artykuły w najlepszych cenach.;drozdze-turbo-hurt
12;1;FACHOWA LITERATURA;;1;FACHOWA LITERATURA - WinoHobby;Akcesoria i produkty z kategorii FACHOWA LITERATURA. Wysokiej jakości artykuły w najlepszych cenach.;fachowa-literatura
13;1;Wódki, nalewki, destylacja;;1;Wódki, nalewki, destylacja - WinoHobby;Akcesoria i produkty z kategorii Wódki, nalewki, destylacja. Wysokiej jakości artykuły w najlepszych cenach.;wodki-nalewki-destylacja
14;1;Drożdże gorzelnicze;Wódki, nalewki, destylacja;0;Drożdże gorzelnicze - WinoHobby;Akcesoria i produkty z kategorii Drożdże gorzelnicze. Wysokiej jakości artykuły w najlepszych cenach.;drozdze-gorzelnicze
15;1;Drożdże gorzelnicze do zacierów;Wódki, nalewki, destylacja;0;Drożdże gorzelnicze do zacierów - WinoHobby;Akcesoria i produkty z kategorii Drożdże gorzelnicze do zacierów. Wysokiej jakości artykuły w najlepszych cenach.;drozdze-gorzelnicze-do-zacierow
16;1;Enzymy;Wódki, nalewki, destylacja;0;Enzymy - WinoHobby;Akcesoria i produkty z kategorii Enzymy. Wysokiej jakości artykuły w najlepszych cenach.;enzymy
17;1;Drożdże gorzelnicze do rumu;Wódki, nalewki, destylacja;0;Drożdże gorzelnicze do rumu - WinoHobby;Akcesoria i produkty z kategorii Drożdże gorzelnicze do rumu. Wysokiej jakości artykuły w najlepszych cenach.;drozdze-gorzelnicze-do-rumu
18;1;Drożdże gorzelnicze przemysłowe;Wódki, nalewki, destylacja;0;Drożdże gorzelnicze przemysłowe - WinoHobby;Akcesoria i produkty z kategorii Drożdże gorzelnicze przemysłowe. Wysokiej jakości artykuły w najlepszych cenach.;drozdze-gorzelnicze-przemyslowe
19;1;Glukoza Dextroza;Wódki, nalewki, destylacja;0;Glukoza Dextroza - WinoHobby;Akcesoria i produkty z kategorii Glukoza Dextroza. Wysokiej jakości artykuły w najlepszych cenach.;glukoza-dextroza
20;1;Klarowanie;Wódki, nalewki, destylacja;0;Klarowanie - WinoHobby;Akcesoria i produkty z kategorii Klarowanie. Wysokiej jakości artykuły w najlepszych cenach.;klarowanie
21;1;Alkoholomierze;Wódki, nalewki, destylacja;0;Alkoholomierze - WinoHobby;Akcesoria i produkty z kategorii Alkoholomierze. Wysokiej jakości artykuły w najlepszych cenach.;alkoholomierze
22;1;Cukromierze i alkoholomierze GOMAR;Wódki, nalewki, destylacja;0;Cukromierze i alkoholomierze GOMAR - WinoHobby;Akcesoria i produkty z kategorii Cukromierze i alkoholomierze GOMAR. Wysokiej jakości artykuły w najlepszych cenach.;cukromierze-i-alkoholomierze-gomar
23;1;Wskaźniki do alkoholu;Cukromierze i alkoholomierze GOMAR;0;Wskaźniki do alkoholu - WinoHobby;Akcesoria i produkty z kategorii Wskaźniki do alkoholu. Wysokiej jakości artykuły w najlepszych cenach.;wskazniki-do-alkoholu
24;1;Wskaźniki do cukru;Cukromierze i alkoholomierze GOMAR;0;Wskaźniki do cukru - WinoHobby;Akcesoria i produkty z kategorii Wskaźniki do cukru. Wysokiej jakości artykuły w najlepszych cenach.;wskazniki-do-cukru
25;1;Wskaźniki do wina;Cukromierze i alkoholomierze GOMAR;0;Wskaźniki do wina - WinoHobby;Akcesoria i produkty z kategorii Wskaźniki do wina. Wysokiej jakości artykuły w najlepszych cenach.;wskazniki-do-wina
26;1;Węgiel aktywny;Wódki, nalewki, destylacja;0;Węgiel aktywny - WinoHobby;Akcesoria i produkty z kategorii Węgiel aktywny. Wysokiej jakości artykuły w najlepszych cenach.;wegiel-aktywny
27;1;Zaprawki do wódki esencje;Wódki, nalewki, destylacja;0;Zaprawki do wódki esencje - WinoHobby;Akcesoria i produkty z kategorii Zaprawki do wódki esencje. Wysokiej jakości artykuły w najlepszych cenach.;zaprawki-do-wodki-esencje
28;1;Esencje w bańkach 5000ml;Zaprawki do wódki esencje;0;Esencje w bańkach 5000ml - WinoHobby;Akcesoria i produkty z kategorii Esencje w bańkach 5000ml. Wysokiej jakości artykuły w najlepszych cenach.;esencje-w-bankach-5000ml
29;1;Likiery do uzupełniania FILLUP;Zaprawki do wódki esencje;0;Likiery do uzupełniania FILLUP - WinoHobby;Akcesoria i produkty z kategorii Likiery do uzupełniania FILLUP. Wysokiej jakości artykuły w najlepszych cenach.;likiery-do-uzupelniania-fillup
30;1;Zaprawki gatunkowe EXCLUSIVE;Zaprawki do wódki esencje;0;Zaprawki gatunkowe EXCLUSIVE - WinoHobby;Akcesoria i produkty z kategorii Zaprawki gatunkowe EXCLUSIVE. Wysokiej jakości artykuły w najlepszych cenach.;zaprawki-gatunkowe-exclusive
31;1;Zaprawki do wódki esencje;Zaprawki do wódki esencje;0;Zaprawki do wódki esencje - WinoHobby;Akcesoria i produkty z kategorii Zaprawki do wódki esencje. Wysokiej jakości artykuły w najlepszych cenach.;zaprawki-do-wodki-esencje
32;1;Wh&Brbn;Zaprawki do wódki esencje;0;Wh&Brbn - WinoHobby;Akcesoria i produkty z kategorii Wh&Brbn. Wysokiej jakości artykuły w najlepszych cenach.;wh-brbn
33;1;Kon & Brandy;Zaprawki do wódki esencje;0;Kon & Brandy - WinoHobby;Akcesoria i produkty z kategorii Kon & Brandy. Wysokiej jakości artykuły w najlepszych cenach.;kon-brandy
34;1;Karmel;Zaprawki do wódki esencje;0;Karmel - WinoHobby;Akcesoria i produkty z kategorii Karmel. Wysokiej jakości artykuły w najlepszych cenach.;karmel
35;1;Wódki smakowe;Zaprawki do wódki esencje;0;Wódki smakowe - WinoHobby;Akcesoria i produkty z kategorii Wódki smakowe. Wysokiej jakości artykuły w najlepszych cenach.;wodki-smakowe
36;1;ABSYNT;Zaprawki do wódki esencje;0;ABSYNT - WinoHobby;Akcesoria i produkty z kategorii ABSYNT. Wysokiej jakości artykuły w najlepszych cenach.;absynt
37;1;Tequila;Zaprawki do wódki esencje;0;Tequila - WinoHobby;Akcesoria i produkty z kategorii Tequila. Wysokiej jakości artykuły w najlepszych cenach.;tequila
38;1;Rum;Zaprawki do wódki esencje;0;Rum - WinoHobby;Akcesoria i produkty z kategorii Rum. Wysokiej jakości artykuły w najlepszych cenach.;rum
39;1;CocoRum;Zaprawki do wódki esencje;0;CocoRum - WinoHobby;Akcesoria i produkty z kategorii CocoRum. Wysokiej jakości artykuły w najlepszych cenach.;cocorum
40;1;Gin;Zaprawki do wódki esencje;0;Gin - WinoHobby;Akcesoria i produkty z kategorii Gin. Wysokiej jakości artykuły w najlepszych cenach.;gin
41;1;Sliwowica;Zaprawki do wódki esencje;0;Sliwowica - WinoHobby;Akcesoria i produkty z kategorii Sliwowica. Wysokiej jakości artykuły w najlepszych cenach.;sliwowica
42;1;Likiery;Zaprawki do wódki esencje;0;Likiery - WinoHobby;Akcesoria i produkty z kategorii Likiery. Wysokiej jakości artykuły w najlepszych cenach.;likiery
43;1;Candy Shot;Zaprawki do wódki esencje;0;Candy Shot - WinoHobby;Akcesoria i produkty z kategorii Candy Shot. Wysokiej jakości artykuły w najlepszych cenach.;candy-shot
44;1;Koncentraty owocowe;Zaprawki do wódki esencje;0;Koncentraty owocowe - WinoHobby;Akcesoria i produkty z kategorii Koncentraty owocowe. Wysokiej jakości artykuły w najlepszych cenach.;koncentraty-owocowe
45;1;Zestawy Nalewka Bursztynowa;Zaprawki do wódki esencje;0;Zestawy Nalewka Bursztynowa - WinoHobby;Akcesoria i produkty z kategorii Zestawy Nalewka Bursztynowa. Wysokiej jakości artykuły w najlepszych cenach.;zestawy-nalewka-bursztynowa
46;1;Zestawy ziół do nalewek, wódek i miodów;Zaprawki do wódki esencje;0;Zestawy ziół do nalewek, wódek i miodów - WinoHobby;Akcesoria i produkty z kategorii Zestawy ziół do nalewek, wódek i miodów. Wysokiej jakości artykuły w najlepszych cenach.;zestawy-ziol-do-nalewek-wodek-i-miodow
47;1;Aromaty spożywcze, barwniki;Wódki, nalewki, destylacja;0;Aromaty spożywcze, barwniki - WinoHobby;Akcesoria i produkty z kategorii Aromaty spożywcze, barwniki. Wysokiej jakości artykuły w najlepszych cenach.;aromaty-spozywcze-barwniki
48;1;Aromaty spożywcze;Aromaty spożywcze, barwniki;0;Aromaty spożywcze - WinoHobby;Akcesoria i produkty z kategorii Aromaty spożywcze. Wysokiej jakości artykuły w najlepszych cenach.;aromaty-spozywcze
49;1;Barwniki do wina;Aromaty spożywcze, barwniki;0;Barwniki do wina - WinoHobby;Akcesoria i produkty z kategorii Barwniki do wina. Wysokiej jakości artykuły w najlepszych cenach.;barwniki-do-wina
50;1;Destylatory i akcesoria;Wódki, nalewki, destylacja;0;Destylatory i akcesoria - WinoHobby;Akcesoria i produkty z kategorii Destylatory i akcesoria. Wysokiej jakości artykuły w najlepszych cenach.;destylatory-i-akcesoria
51;1;Destylatory pod kotły COOBRA;Destylatory i akcesoria;0;Destylatory pod kotły COOBRA - WinoHobby;Akcesoria i produkty z kategorii Destylatory pod kotły COOBRA. Wysokiej jakości artykuły w najlepszych cenach.;destylatory-pod-kotly-coobra
52;1;Smar silikonowy;Destylatory i akcesoria;0;Smar silikonowy - WinoHobby;Akcesoria i produkty z kategorii Smar silikonowy. Wysokiej jakości artykuły w najlepszych cenach.;smar-silikonowy
53;1;Destylatory BIOWIN;Destylatory i akcesoria;0;Destylatory BIOWIN - WinoHobby;Akcesoria i produkty z kategorii Destylatory BIOWIN. Wysokiej jakości artykuły w najlepszych cenach.;destylatory-biowin
54;1;Destylatory szklane;Destylatory i akcesoria;0;Destylatory szklane - WinoHobby;Akcesoria i produkty z kategorii Destylatory szklane. Wysokiej jakości artykuły w najlepszych cenach.;destylatory-szklane
55;1;Deflegmatory;Destylatory i akcesoria;0;Deflegmatory - WinoHobby;Akcesoria i produkty z kategorii Deflegmatory. Wysokiej jakości artykuły w najlepszych cenach.;deflegmatory
56;1;Pierścienie do wypełnienia kolumn destylacyjnych;Destylatory i akcesoria;0;Pierścienie do wypełnienia kolumn destylacyjnych - WinoHobby;Akcesoria i produkty z kategorii Pierścienie do wypełnienia kolumn destylacyjnych. Wysokiej jakości artykuły w najlepszych cenach.;pierscienie-do-wypelnienia-kolumn-destylacyjnych
57;1;Sprężynki pryzmatyczne;Destylatory i akcesoria;0;Sprężynki pryzmatyczne - WinoHobby;Akcesoria i produkty z kategorii Sprężynki pryzmatyczne. Wysokiej jakości artykuły w najlepszych cenach.;sprezynki-pryzmatyczne
58;1;Zmywaki stalowe;Destylatory i akcesoria;0;Zmywaki stalowe - WinoHobby;Akcesoria i produkty z kategorii Zmywaki stalowe. Wysokiej jakości artykuły w najlepszych cenach.;zmywaki-stalowe
59;1;Taborety gazowe;Wódki, nalewki, destylacja;0;Taborety gazowe - WinoHobby;Akcesoria i produkty z kategorii Taborety gazowe. Wysokiej jakości artykuły w najlepszych cenach.;taborety-gazowe
60;1;Oczyszczanie destylatów;Wódki, nalewki, destylacja;0;Oczyszczanie destylatów - WinoHobby;Akcesoria i produkty z kategorii Oczyszczanie destylatów. Wysokiej jakości artykuły w najlepszych cenach.;oczyszczanie-destylatow
61;1;Sitka stalowe;Wódki, nalewki, destylacja;0;Sitka stalowe - WinoHobby;Akcesoria i produkty z kategorii Sitka stalowe. Wysokiej jakości artykuły w najlepszych cenach.;sitka-stalowe
62;1;Etykiety na nalewki;Wódki, nalewki, destylacja;0;Etykiety na nalewki - WinoHobby;Akcesoria i produkty z kategorii Etykiety na nalewki. Wysokiej jakości artykuły w najlepszych cenach.;etykiety-na-nalewki
63;1;Etykiety Świąteczne;Wódki, nalewki, destylacja;0;Etykiety Świąteczne - WinoHobby;Akcesoria i produkty z kategorii Etykiety Świąteczne. Wysokiej jakości artykuły w najlepszych cenach.;etykiety-swiateczne
64;1;Etykiety na wódkę weselną;Wódki, nalewki, destylacja;0;Etykiety na wódkę weselną - WinoHobby;Akcesoria i produkty z kategorii Etykiety na wódkę weselną. Wysokiej jakości artykuły w najlepszych cenach.;etykiety-na-wodke-weselna
65;1;Etykiety na destylaty;Wódki, nalewki, destylacja;0;Etykiety na destylaty - WinoHobby;Akcesoria i produkty z kategorii Etykiety na destylaty. Wysokiej jakości artykuły w najlepszych cenach.;etykiety-na-destylaty
66;1;Akcesoria PIWOWARSKIE;;1;Akcesoria PIWOWARSKIE - WinoHobby;Akcesoria i produkty z kategorii Akcesoria PIWOWARSKIE. Wysokiej jakości artykuły w najlepszych cenach.;akcesoria-piwowarskie
67;1;Automatyczny kocioł zacierny 30L;Akcesoria PIWOWARSKIE;0;Automatyczny kocioł zacierny 30L - WinoHobby;Akcesoria i produkty z kategorii Automatyczny kocioł zacierny 30L. Wysokiej jakości artykuły w najlepszych cenach.;automatyczny-kociol-zacierny-30l
68;1;Akcesoria destylacyjne;Automatyczny kocioł zacierny 30L;0;Akcesoria destylacyjne - WinoHobby;Akcesoria i produkty z kategorii Akcesoria destylacyjne. Wysokiej jakości artykuły w najlepszych cenach.;akcesoria-destylacyjne
69;1;Automatyczny kocioł zacierny 50L;Akcesoria PIWOWARSKIE;0;Automatyczny kocioł zacierny 50L - WinoHobby;Akcesoria i produkty z kategorii Automatyczny kocioł zacierny 50L. Wysokiej jakości artykuły w najlepszych cenach.;automatyczny-kociol-zacierny-50l
70;1;Akcesoria destylacyjne;Automatyczny kocioł zacierny 50L;0;Akcesoria destylacyjne - WinoHobby;Akcesoria i produkty z kategorii Akcesoria destylacyjne. Wysokiej jakości artykuły w najlepszych cenach.;akcesoria-destylacyjne
71;1;Beczka termos;Akcesoria PIWOWARSKIE;0;Beczka termos - WinoHobby;Akcesoria i produkty z kategorii Beczka termos. Wysokiej jakości artykuły w najlepszych cenach.;beczka-termos
72;1;Brewkity COOPERS;Akcesoria PIWOWARSKIE;0;Brewkity COOPERS - WinoHobby;Akcesoria i produkty z kategorii Brewkity COOPERS. Wysokiej jakości artykuły w najlepszych cenach.;brewkity-coopers
73;1;Brewkity Mangrove Jack's;Akcesoria PIWOWARSKIE;0;Brewkity Mangrove Jack's - WinoHobby;Akcesoria i produkty z kategorii Brewkity Mangrove Jack's. Wysokiej jakości artykuły w najlepszych cenach.;brewkity-mangrove-jack-s
74;1;Butelki do piwa;Akcesoria PIWOWARSKIE;0;Butelki do piwa - WinoHobby;Akcesoria i produkty z kategorii Butelki do piwa. Wysokiej jakości artykuły w najlepszych cenach.;butelki-do-piwa
75;1;Carbonation drops;Akcesoria PIWOWARSKIE;0;Carbonation drops - WinoHobby;Akcesoria i produkty z kategorii Carbonation drops. Wysokiej jakości artykuły w najlepszych cenach.;carbonation-drops
76;1;Cool Brewing;Akcesoria PIWOWARSKIE;0;Cool Brewing - WinoHobby;Akcesoria i produkty z kategorii Cool Brewing. Wysokiej jakości artykuły w najlepszych cenach.;cool-brewing
77;1;Cukier kandyzowany;Akcesoria PIWOWARSKIE;0;Cukier kandyzowany - WinoHobby;Akcesoria i produkty z kategorii Cukier kandyzowany. Wysokiej jakości artykuły w najlepszych cenach.;cukier-kandyzowany
78;1;Cukier piwowarski;Akcesoria PIWOWARSKIE;0;Cukier piwowarski - WinoHobby;Akcesoria i produkty z kategorii Cukier piwowarski. Wysokiej jakości artykuły w najlepszych cenach.;cukier-piwowarski
79;1;Chmiel;Akcesoria PIWOWARSKIE;0;Chmiel - WinoHobby;Akcesoria i produkty z kategorii Chmiel. Wysokiej jakości artykuły w najlepszych cenach.;chmiel
80;1;Chmiel - filtracja;Akcesoria PIWOWARSKIE;0;Chmiel - filtracja - WinoHobby;Akcesoria i produkty z kategorii Chmiel - filtracja. Wysokiej jakości artykuły w najlepszych cenach.;chmiel-filtracja
81;1;Chłodnice zanurzeniowe do brzeczki;Akcesoria PIWOWARSKIE;0;Chłodnice zanurzeniowe do brzeczki - WinoHobby;Akcesoria i produkty z kategorii Chłodnice zanurzeniowe do brzeczki. Wysokiej jakości artykuły w najlepszych cenach.;chlodnice-zanurzeniowe-do-brzeczki
82;1;Chłodnice - płytowy wymiennik ciepła;Akcesoria PIWOWARSKIE;0;Chłodnice - płytowy wymiennik ciepła - WinoHobby;Akcesoria i produkty z kategorii Chłodnice - płytowy wymiennik ciepła. Wysokiej jakości artykuły w najlepszych cenach.;chlodnice-plytowy-wymiennik-ciepla
83;1;Cydr;Akcesoria PIWOWARSKIE;0;Cydr - WinoHobby;Akcesoria i produkty z kategorii Cydr. Wysokiej jakości artykuły w najlepszych cenach.;cydr
84;1;Carbonation Drops;Akcesoria PIWOWARSKIE;0;Carbonation Drops - WinoHobby;Akcesoria i produkty z kategorii Carbonation Drops. Wysokiej jakości artykuły w najlepszych cenach.;carbonation-drops
85;1;Dezynfekcja sprzętu;Akcesoria PIWOWARSKIE;0;Dezynfekcja sprzętu - WinoHobby;Akcesoria i produkty z kategorii Dezynfekcja sprzętu. Wysokiej jakości artykuły w najlepszych cenach.;dezynfekcja-sprzetu
86;1;Drożdże piwowarskie;Akcesoria PIWOWARSKIE;0;Drożdże piwowarskie - WinoHobby;Akcesoria i produkty z kategorii Drożdże piwowarskie. Wysokiej jakości artykuły w najlepszych cenach.;drozdze-piwowarskie
87;1;Etykiety na piwo domowe;Akcesoria PIWOWARSKIE;0;Etykiety na piwo domowe - WinoHobby;Akcesoria i produkty z kategorii Etykiety na piwo domowe. Wysokiej jakości artykuły w najlepszych cenach.;etykiety-na-piwo-domowe
88;1;Ekstrakty słodowe płynne;Akcesoria PIWOWARSKIE;0;Ekstrakty słodowe płynne - WinoHobby;Akcesoria i produkty z kategorii Ekstrakty słodowe płynne. Wysokiej jakości artykuły w najlepszych cenach.;ekstrakty-slodowe-plynne
89;1;Ekstrakty słodowe suche;Akcesoria PIWOWARSKIE;0;Ekstrakty słodowe suche - WinoHobby;Akcesoria i produkty z kategorii Ekstrakty słodowe suche. Wysokiej jakości artykuły w najlepszych cenach.;ekstrakty-slodowe-suche
90;1;Ekstrakt kukurydziany;Akcesoria PIWOWARSKIE;0;Ekstrakt kukurydziany - WinoHobby;Akcesoria i produkty z kategorii Ekstrakt kukurydziany. Wysokiej jakości artykuły w najlepszych cenach.;ekstrakt-kukurydziany
91;1;Etykiety na butelki;Akcesoria PIWOWARSKIE;0;Etykiety na butelki - WinoHobby;Akcesoria i produkty z kategorii Etykiety na butelki. Wysokiej jakości artykuły w najlepszych cenach.;etykiety-na-butelki
92;1;Fermentory;Akcesoria PIWOWARSKIE;0;Fermentory - WinoHobby;Akcesoria i produkty z kategorii Fermentory. Wysokiej jakości artykuły w najlepszych cenach.;fermentory
93;1;FastFerment;Akcesoria PIWOWARSKIE;0;FastFerment - WinoHobby;Akcesoria i produkty z kategorii FastFerment. Wysokiej jakości artykuły w najlepszych cenach.;fastferment
94;1;Garnki stalowe;Akcesoria PIWOWARSKIE;0;Garnki stalowe - WinoHobby;Akcesoria i produkty z kategorii Garnki stalowe. Wysokiej jakości artykuły w najlepszych cenach.;garnki-stalowe
95;1;Kapslownice;Akcesoria PIWOWARSKIE;0;Kapslownice - WinoHobby;Akcesoria i produkty z kategorii Kapslownice. Wysokiej jakości artykuły w najlepszych cenach.;kapslownice
96;1;Kapsle;Akcesoria PIWOWARSKIE;0;Kapsle - WinoHobby;Akcesoria i produkty z kategorii Kapsle. Wysokiej jakości artykuły w najlepszych cenach.;kapsle
97;1;Keg Speidel;Akcesoria PIWOWARSKIE;0;Keg Speidel - WinoHobby;Akcesoria i produkty z kategorii Keg Speidel. Wysokiej jakości artykuły w najlepszych cenach.;keg-speidel
98;1;Kegi Cornelius i akcesoria;Akcesoria PIWOWARSKIE;0;Kegi Cornelius i akcesoria - WinoHobby;Akcesoria i produkty z kategorii Kegi Cornelius i akcesoria. Wysokiej jakości artykuły w najlepszych cenach.;kegi-cornelius-i-akcesoria
99;1;Butle CO2, reduktory;Kegi Cornelius i akcesoria;0;Butle CO2, reduktory - WinoHobby;Akcesoria i produkty z kategorii Butle CO2, reduktory. Wysokiej jakości artykuły w najlepszych cenach.;butle-co2-reduktory
100;1;Filtracja ciśnieniowa;Kegi Cornelius i akcesoria;0;Filtracja ciśnieniowa - WinoHobby;Akcesoria i produkty z kategorii Filtracja ciśnieniowa. Wysokiej jakości artykuły w najlepszych cenach.;filtracja-cisnieniowa
101;1;Kegi Cornelius;Kegi Cornelius i akcesoria;0;Kegi Cornelius - WinoHobby;Akcesoria i produkty z kategorii Kegi Cornelius. Wysokiej jakości artykuły w najlepszych cenach.;kegi-cornelius
102;1;Krany;Kegi Cornelius i akcesoria;0;Krany - WinoHobby;Akcesoria i produkty z kategorii Krany. Wysokiej jakości artykuły w najlepszych cenach.;krany
103;1;Kran arbuzowy;Kegi Cornelius i akcesoria;0;Kran arbuzowy - WinoHobby;Akcesoria i produkty z kategorii Kran arbuzowy. Wysokiej jakości artykuły w najlepszych cenach.;kran-arbuzowy
104;1;Odpieniacz do piwa;Kegi Cornelius i akcesoria;0;Odpieniacz do piwa - WinoHobby;Akcesoria i produkty z kategorii Odpieniacz do piwa. Wysokiej jakości artykuły w najlepszych cenach.;odpieniacz-do-piwa
105;1;Szybkozłącza do kegów Cornelius;Kegi Cornelius i akcesoria;0;Szybkozłącza do kegów Cornelius - WinoHobby;Akcesoria i produkty z kategorii Szybkozłącza do kegów Cornelius. Wysokiej jakości artykuły w najlepszych cenach.;szybkozlacza-do-kegow-cornelius
106;1;Węże, przewody, zaciski, opaski OETIKER;Kegi Cornelius i akcesoria;0;Węże, przewody, zaciski, opaski OETIKER - WinoHobby;Akcesoria i produkty z kategorii Węże, przewody, zaciski, opaski OETIKER. Wysokiej jakości artykuły w najlepszych cenach.;weze-przewody-zaciski-opaski-oetiker
107;1;Złącza John Guest do instalacji;Kegi Cornelius i akcesoria;0;Złącza John Guest do instalacji - WinoHobby;Akcesoria i produkty z kategorii Złącza John Guest do instalacji. Wysokiej jakości artykuły w najlepszych cenach.;zlacza-john-guest-do-instalacji
108;1;Kieliszki, szklanki, kufle do piwa;Akcesoria PIWOWARSKIE;0;Kieliszki, szklanki, kufle do piwa - WinoHobby;Akcesoria i produkty z kategorii Kieliszki, szklanki, kufle do piwa. Wysokiej jakości artykuły w najlepszych cenach.;kieliszki-szklanki-kufle-do-piwa
109;1;Klarowanie piwa;Akcesoria PIWOWARSKIE;0;Klarowanie piwa - WinoHobby;Akcesoria i produkty z kategorii Klarowanie piwa. Wysokiej jakości artykuły w najlepszych cenach.;klarowanie-piwa
110;1;Laktoza;Akcesoria PIWOWARSKIE;0;Laktoza - WinoHobby;Akcesoria i produkty z kategorii Laktoza. Wysokiej jakości artykuły w najlepszych cenach.;laktoza
111;1;Mieszadła;Akcesoria PIWOWARSKIE;0;Mieszadła - WinoHobby;Akcesoria i produkty z kategorii Mieszadła. Wysokiej jakości artykuły w najlepszych cenach.;mieszadla
112;1;Mieszadło magnetyczne;Akcesoria PIWOWARSKIE;0;Mieszadło magnetyczne - WinoHobby;Akcesoria i produkty z kategorii Mieszadło magnetyczne. Wysokiej jakości artykuły w najlepszych cenach.;mieszadlo-magnetyczne
113;1;Mini-Kegi + części;Akcesoria PIWOWARSKIE;0;Mini-Kegi + części - WinoHobby;Akcesoria i produkty z kategorii Mini-Kegi + części. Wysokiej jakości artykuły w najlepszych cenach.;mini-kegi-czesci
114;1;MIKROBROWAR;Akcesoria PIWOWARSKIE;0;MIKROBROWAR - WinoHobby;Akcesoria i produkty z kategorii MIKROBROWAR. Wysokiej jakości artykuły w najlepszych cenach.;mikrobrowar
115;1;Naboje CO2;Akcesoria PIWOWARSKIE;0;Naboje CO2 - WinoHobby;Akcesoria i produkty z kategorii Naboje CO2. Wysokiej jakości artykuły w najlepszych cenach.;naboje-co2
116;1;Nalewaki do Mini-Kegów;Akcesoria PIWOWARSKIE;0;Nalewaki do Mini-Kegów - WinoHobby;Akcesoria i produkty z kategorii Nalewaki do Mini-Kegów. Wysokiej jakości artykuły w najlepszych cenach.;nalewaki-do-mini-kegow
117;1;Podpiwek Kujawski;Akcesoria PIWOWARSKIE;0;Podpiwek Kujawski - WinoHobby;Akcesoria i produkty z kategorii Podpiwek Kujawski. Wysokiej jakości artykuły w najlepszych cenach.;podpiwek-kujawski
118;1;Pozostałe dodatki i przyprawy;Akcesoria PIWOWARSKIE;0;Pozostałe dodatki i przyprawy - WinoHobby;Akcesoria i produkty z kategorii Pozostałe dodatki i przyprawy. Wysokiej jakości artykuły w najlepszych cenach.;pozostale-dodatki-i-przyprawy
119;1;Słód;Akcesoria PIWOWARSKIE;0;Słód - WinoHobby;Akcesoria i produkty z kategorii Słód. Wysokiej jakości artykuły w najlepszych cenach.;slod
120;1;Worki zacierno filtracyjne;Słód;0;Worki zacierno filtracyjne - WinoHobby;Akcesoria i produkty z kategorii Worki zacierno filtracyjne. Wysokiej jakości artykuły w najlepszych cenach.;worki-zacierno-filtracyjne
121;1;Śrutownik;Akcesoria PIWOWARSKIE;0;Śrutownik - WinoHobby;Akcesoria i produkty z kategorii Śrutownik. Wysokiej jakości artykuły w najlepszych cenach.;srutownik
122;1;Termometr piwowarski;Akcesoria PIWOWARSKIE;0;Termometr piwowarski - WinoHobby;Akcesoria i produkty z kategorii Termometr piwowarski. Wysokiej jakości artykuły w najlepszych cenach.;termometr-piwowarski
123;1;Warnik na wodę;Akcesoria PIWOWARSKIE;0;Warnik na wodę - WinoHobby;Akcesoria i produkty z kategorii Warnik na wodę. Wysokiej jakości artykuły w najlepszych cenach.;warnik-na-wode
124;1;Worki zacierno filtracyjne;Akcesoria PIWOWARSKIE;0;Worki zacierno filtracyjne - WinoHobby;Akcesoria i produkty z kategorii Worki zacierno filtracyjne. Wysokiej jakości artykuły w najlepszych cenach.;worki-zacierno-filtracyjne
125;1;Zaworek grawitacyjny;Akcesoria PIWOWARSKIE;0;Zaworek grawitacyjny - WinoHobby;Akcesoria i produkty z kategorii Zaworek grawitacyjny. Wysokiej jakości artykuły w najlepszych cenach.;zaworek-grawitacyjny
126;1;Złącza QD, przejściówki;Akcesoria PIWOWARSKIE;0;Złącza QD, przejściówki - WinoHobby;Akcesoria i produkty z kategorii Złącza QD, przejściówki. Wysokiej jakości artykuły w najlepszych cenach.;zlacza-qd-przejsciowki
127;1;Akcesoria SEROWARSKIE;;1;Akcesoria SEROWARSKIE - WinoHobby;Akcesoria i produkty z kategorii Akcesoria SEROWARSKIE. Wysokiej jakości artykuły w najlepszych cenach.;akcesoria-serowarskie
128;1;Chlorek wapnia;Akcesoria SEROWARSKIE;0;Chlorek wapnia - WinoHobby;Akcesoria i produkty z kategorii Chlorek wapnia. Wysokiej jakości artykuły w najlepszych cenach.;chlorek-wapnia
129;1;Chusty serowarskie;Akcesoria SEROWARSKIE;0;Chusty serowarskie - WinoHobby;Akcesoria i produkty z kategorii Chusty serowarskie. Wysokiej jakości artykuły w najlepszych cenach.;chusty-serowarskie
130;1;Formy do serów;Akcesoria SEROWARSKIE;0;Formy do serów - WinoHobby;Akcesoria i produkty z kategorii Formy do serów. Wysokiej jakości artykuły w najlepszych cenach.;formy-do-serow
131;1;Kultury bakteryjne;Akcesoria SEROWARSKIE;0;Kultury bakteryjne - WinoHobby;Akcesoria i produkty z kategorii Kultury bakteryjne. Wysokiej jakości artykuły w najlepszych cenach.;kultury-bakteryjne
132;1;Literatura;Akcesoria SEROWARSKIE;0;Literatura - WinoHobby;Akcesoria i produkty z kategorii Literatura. Wysokiej jakości artykuły w najlepszych cenach.;literatura
133;1;Podpuszczka;Akcesoria SEROWARSKIE;0;Podpuszczka - WinoHobby;Akcesoria i produkty z kategorii Podpuszczka. Wysokiej jakości artykuły w najlepszych cenach.;podpuszczka
134;1;Prasy serowarskie;Akcesoria SEROWARSKIE;0;Prasy serowarskie - WinoHobby;Akcesoria i produkty z kategorii Prasy serowarskie. Wysokiej jakości artykuły w najlepszych cenach.;prasy-serowarskie
135;1;Solomierz;Akcesoria SEROWARSKIE;0;Solomierz - WinoHobby;Akcesoria i produkty z kategorii Solomierz. Wysokiej jakości artykuły w najlepszych cenach.;solomierz
136;1;Zestawy serowarskie i akcesoria;Akcesoria SEROWARSKIE;0;Zestawy serowarskie i akcesoria - WinoHobby;Akcesoria i produkty z kategorii Zestawy serowarskie i akcesoria. Wysokiej jakości artykuły w najlepszych cenach.;zestawy-serowarskie-i-akcesoria
137;1;Zioła serowarskie;Akcesoria SEROWARSKIE;0;Zioła serowarskie - WinoHobby;Akcesoria i produkty z kategorii Zioła serowarskie. Wysokiej jakości artykuły w najlepszych cenach.;ziola-serowarskie
138;1;Pozostałe;Akcesoria SEROWARSKIE;0;Pozostałe - WinoHobby;Akcesoria i produkty z kategorii Pozostałe. Wysokiej jakości artykuły w najlepszych cenach.;pozostale
139;1;Akcesoria WINIARSKIE;;1;Akcesoria WINIARSKIE - WinoHobby;Akcesoria i produkty z kategorii Akcesoria WINIARSKIE. Wysokiej jakości artykuły w najlepszych cenach.;akcesoria-winiarskie
140;1;Balony / pojemniki / beczki fermentacyjne / kanistry;Akcesoria WINIARSKIE;0;Balony / pojemniki / beczki fermentacyjne / kanistry - WinoHobby;Akcesoria i produkty z kategorii Balony / pojemniki / beczki fermentacyjne / kanistry. Wysokiej jakości artykuły w najlepszych cenach.;balony-pojemniki-beczki-fermentacyjne-kanistry
141;1;Szczotki do mycia balonów i butelek;Balony / pojemniki / beczki fermentacyjne / kanistry;0;Szczotki do mycia balonów i butelek - WinoHobby;Akcesoria i produkty z kategorii Szczotki do mycia balonów i butelek. Wysokiej jakości artykuły w najlepszych cenach.;szczotki-do-mycia-balonow-i-butelek
142;1;Bańki stalowe;Balony / pojemniki / beczki fermentacyjne / kanistry;0;Bańki stalowe - WinoHobby;Akcesoria i produkty z kategorii Bańki stalowe. Wysokiej jakości artykuły w najlepszych cenach.;banki-stalowe
143;1;Beczki fermentacyjne;Balony / pojemniki / beczki fermentacyjne / kanistry;0;Beczki fermentacyjne - WinoHobby;Akcesoria i produkty z kategorii Beczki fermentacyjne. Wysokiej jakości artykuły w najlepszych cenach.;beczki-fermentacyjne
144;1;Balon DAMA;Balony / pojemniki / beczki fermentacyjne / kanistry;0;Balon DAMA - WinoHobby;Akcesoria i produkty z kategorii Balon DAMA. Wysokiej jakości artykuły w najlepszych cenach.;balon-dama
145;1;Balony plastikowe;Balony / pojemniki / beczki fermentacyjne / kanistry;0;Balony plastikowe - WinoHobby;Akcesoria i produkty z kategorii Balony plastikowe. Wysokiej jakości artykuły w najlepszych cenach.;balony-plastikowe
146;1;Balony tradycyjne;Balony / pojemniki / beczki fermentacyjne / kanistry;0;Balony tradycyjne - WinoHobby;Akcesoria i produkty z kategorii Balony tradycyjne. Wysokiej jakości artykuły w najlepszych cenach.;balony-tradycyjne
147;1;Balony z szerokim wlewem;Balony / pojemniki / beczki fermentacyjne / kanistry;0;Balony z szerokim wlewem - WinoHobby;Akcesoria i produkty z kategorii Balony z szerokim wlewem. Wysokiej jakości artykuły w najlepszych cenach.;balony-z-szerokim-wlewem
148;1;Kanistry i akcesoria;Balony / pojemniki / beczki fermentacyjne / kanistry;0;Kanistry i akcesoria - WinoHobby;Akcesoria i produkty z kategorii Kanistry i akcesoria. Wysokiej jakości artykuły w najlepszych cenach.;kanistry-i-akcesoria
149;1;Krany;Balony / pojemniki / beczki fermentacyjne / kanistry;0;Krany - WinoHobby;Akcesoria i produkty z kategorii Krany. Wysokiej jakości artykuły w najlepszych cenach.;krany
150;1;Pojemniki fermentacyjne 0 do 60L;Balony / pojemniki / beczki fermentacyjne / kanistry;0;Pojemniki fermentacyjne 0 do 60L - WinoHobby;Akcesoria i produkty z kategorii Pojemniki fermentacyjne 0 do 60L. Wysokiej jakości artykuły w najlepszych cenach.;pojemniki-fermentacyjne-0-do-60l
151;1;Pojemniki fermentacyjne 61 do 500L;Balony / pojemniki / beczki fermentacyjne / kanistry;0;Pojemniki fermentacyjne 61 do 500L - WinoHobby;Akcesoria i produkty z kategorii Pojemniki fermentacyjne 61 do 500L. Wysokiej jakości artykuły w najlepszych cenach.;pojemniki-fermentacyjne-61-do-500l
152;1;Pojemniki fermentacyjne z dnem stożkowym;Balony / pojemniki / beczki fermentacyjne / kanistry;0;Pojemniki fermentacyjne z dnem stożkowym - WinoHobby;Akcesoria i produkty z kategorii Pojemniki fermentacyjne z dnem stożkowym. Wysokiej jakości artykuły w najlepszych cenach.;pojemniki-fermentacyjne-z-dnem-stozkowym
153;1;Słoje do fermentacji;Balony / pojemniki / beczki fermentacyjne / kanistry;0;Słoje do fermentacji - WinoHobby;Akcesoria i produkty z kategorii Słoje do fermentacji. Wysokiej jakości artykuły w najlepszych cenach.;sloje-do-fermentacji
154;1;Alkoholomierze - wino;Akcesoria WINIARSKIE;0;Alkoholomierze - wino - WinoHobby;Akcesoria i produkty z kategorii Alkoholomierze - wino. Wysokiej jakości artykuły w najlepszych cenach.;alkoholomierze-wino
155;1;Bag In Box;Akcesoria WINIARSKIE;0;Bag In Box - WinoHobby;Akcesoria i produkty z kategorii Bag In Box. Wysokiej jakości artykuły w najlepszych cenach.;bag-in-box
156;1;Cukromierze;Akcesoria WINIARSKIE;0;Cukromierze - WinoHobby;Akcesoria i produkty z kategorii Cukromierze. Wysokiej jakości artykuły w najlepszych cenach.;cukromierze
157;1;Drożdże winne i pożywki;Akcesoria WINIARSKIE;0;Drożdże winne i pożywki - WinoHobby;Akcesoria i produkty z kategorii Drożdże winne i pożywki. Wysokiej jakości artykuły w najlepszych cenach.;drozdze-winne-i-pozywki
158;1;Drożdże aktywne;Drożdże winne i pożywki;0;Drożdże aktywne - WinoHobby;Akcesoria i produkty z kategorii Drożdże aktywne. Wysokiej jakości artykuły w najlepszych cenach.;drozdze-aktywne
159;1;Drożdże aktywne Bayanus G-995;Drożdże winne i pożywki;0;Drożdże aktywne Bayanus G-995 - WinoHobby;Akcesoria i produkty z kategorii Drożdże aktywne Bayanus G-995. Wysokiej jakości artykuły w najlepszych cenach.;drozdze-aktywne-bayanus-g-995
160;1;Drożdże aktywne do Cydru;Drożdże winne i pożywki;0;Drożdże aktywne do Cydru - WinoHobby;Akcesoria i produkty z kategorii Drożdże aktywne do Cydru. Wysokiej jakości artykuły w najlepszych cenach.;drozdze-aktywne-do-cydru
161;1;Drożdże aktywne do miodów;Drożdże winne i pożywki;0;Drożdże aktywne do miodów - WinoHobby;Akcesoria i produkty z kategorii Drożdże aktywne do miodów. Wysokiej jakości artykuły w najlepszych cenach.;drozdze-aktywne-do-miodow
162;1;Drozdże do restartu wino/zacier;Drożdże winne i pożywki;0;Drozdże do restartu wino/zacier - WinoHobby;Akcesoria i produkty z kategorii Drozdże do restartu wino/zacier. Wysokiej jakości artykuły w najlepszych cenach.;drozdze-do-restartu-wino-zacier
163;1;Drożdże płynne;Drożdże winne i pożywki;0;Drożdże płynne - WinoHobby;Akcesoria i produkty z kategorii Drożdże płynne. Wysokiej jakości artykuły w najlepszych cenach.;drozdze-plynne
164;1;Pożywki;Drożdże winne i pożywki;0;Pożywki - WinoHobby;Akcesoria i produkty z kategorii Pożywki. Wysokiej jakości artykuły w najlepszych cenach.;pozywki
165;1;Drylownice;Akcesoria WINIARSKIE;0;Drylownice - WinoHobby;Akcesoria i produkty z kategorii Drylownice. Wysokiej jakości artykuły w najlepszych cenach.;drylownice
166;1;Etykiety na miód pitny;Akcesoria WINIARSKIE;0;Etykiety na miód pitny - WinoHobby;Akcesoria i produkty z kategorii Etykiety na miód pitny. Wysokiej jakości artykuły w najlepszych cenach.;etykiety-na-miod-pitny
167;1;Etykiety na wina;Akcesoria WINIARSKIE;0;Etykiety na wina - WinoHobby;Akcesoria i produkty z kategorii Etykiety na wina. Wysokiej jakości artykuły w najlepszych cenach.;etykiety-na-wina
168;1;Filtrowanie;Akcesoria WINIARSKIE;0;Filtrowanie - WinoHobby;Akcesoria i produkty z kategorii Filtrowanie. Wysokiej jakości artykuły w najlepszych cenach.;filtrowanie
169;1;Aparat do filtracji wina szwedzki;Filtrowanie;0;Aparat do filtracji wina szwedzki - WinoHobby;Akcesoria i produkty z kategorii Aparat do filtracji wina szwedzki. Wysokiej jakości artykuły w najlepszych cenach.;aparat-do-filtracji-wina-szwedzki
170;1;Filtrowanie destylatów;Filtrowanie;0;Filtrowanie destylatów - WinoHobby;Akcesoria i produkty z kategorii Filtrowanie destylatów. Wysokiej jakości artykuły w najlepszych cenach.;filtrowanie-destylatow
171;1;Filtry płytowe;Filtrowanie;0;Filtry płytowe - WinoHobby;Akcesoria i produkty z kategorii Filtry płytowe. Wysokiej jakości artykuły w najlepszych cenach.;filtry-plytowe
172;1;Filtracja ciśnieniowa;Filtrowanie;0;Filtracja ciśnieniowa - WinoHobby;Akcesoria i produkty z kategorii Filtracja ciśnieniowa. Wysokiej jakości artykuły w najlepszych cenach.;filtracja-cisnieniowa
173;1;Lejki filtracyjne;Filtrowanie;0;Lejki filtracyjne - WinoHobby;Akcesoria i produkty z kategorii Lejki filtracyjne. Wysokiej jakości artykuły w najlepszych cenach.;lejki-filtracyjne
174;1;Sączki filtracyjne do lejków;Filtrowanie;0;Sączki filtracyjne do lejków - WinoHobby;Akcesoria i produkty z kategorii Sączki filtracyjne do lejków. Wysokiej jakości artykuły w najlepszych cenach.;saczki-filtracyjne-do-lejkow
175;1;Ścierka tetrowa;Filtrowanie;0;Ścierka tetrowa - WinoHobby;Akcesoria i produkty z kategorii Ścierka tetrowa. Wysokiej jakości artykuły w najlepszych cenach.;scierka-tetrowa
176;1;Uchwyty filtracyjne;Filtrowanie;0;Uchwyty filtracyjne - WinoHobby;Akcesoria i produkty z kategorii Uchwyty filtracyjne. Wysokiej jakości artykuły w najlepszych cenach.;uchwyty-filtracyjne
177;1;Worki filtracyjne;Filtrowanie;0;Worki filtracyjne - WinoHobby;Akcesoria i produkty z kategorii Worki filtracyjne. Wysokiej jakości artykuły w najlepszych cenach.;worki-filtracyjne
178;1;Klarowanie;Akcesoria WINIARSKIE;0;Klarowanie - WinoHobby;Akcesoria i produkty z kategorii Klarowanie. Wysokiej jakości artykuły w najlepszych cenach.;klarowanie
179;1;Koncentraty wina - Winopaki;Akcesoria WINIARSKIE;0;Koncentraty wina - Winopaki - WinoHobby;Akcesoria i produkty z kategorii Koncentraty wina - Winopaki. Wysokiej jakości artykuły w najlepszych cenach.;koncentraty-wina-winopaki
180;1;Etykiety na butelki LM i NN;Koncentraty wina - Winopaki;0;Etykiety na butelki LM i NN - WinoHobby;Akcesoria i produkty z kategorii Etykiety na butelki LM i NN. Wysokiej jakości artykuły w najlepszych cenach.;etykiety-na-butelki-lm-i-nn
181;1;Koncentraty LA MANCHA;Koncentraty wina - Winopaki;0;Koncentraty LA MANCHA - WinoHobby;Akcesoria i produkty z kategorii Koncentraty LA MANCHA. Wysokiej jakości artykuły w najlepszych cenach.;koncentraty-la-mancha
182;1;Koncentraty NONNE NOIR;Koncentraty wina - Winopaki;0;Koncentraty NONNE NOIR - WinoHobby;Akcesoria i produkty z kategorii Koncentraty NONNE NOIR. Wysokiej jakości artykuły w najlepszych cenach.;koncentraty-nonne-noir
183;1;Koncentraty 7 dniowe;Koncentraty wina - Winopaki;0;Koncentraty 7 dniowe - WinoHobby;Akcesoria i produkty z kategorii Koncentraty 7 dniowe. Wysokiej jakości artykuły w najlepszych cenach.;koncentraty-7-dniowe
184;1;Koncentraty do Cydru;Koncentraty wina - Winopaki;0;Koncentraty do Cydru - WinoHobby;Akcesoria i produkty z kategorii Koncentraty do Cydru. Wysokiej jakości artykuły w najlepszych cenach.;koncentraty-do-cydru
185;1;Etykiety;Koncentraty wina - Winopaki;0;Etykiety - WinoHobby;Akcesoria i produkty z kategorii Etykiety. Wysokiej jakości artykuły w najlepszych cenach.;etykiety
186;1;Korkownice;Akcesoria WINIARSKIE;0;Korkownice - WinoHobby;Akcesoria i produkty z kategorii Korkownice. Wysokiej jakości artykuły w najlepszych cenach.;korkownice
187;1;Kwasomierz;Akcesoria WINIARSKIE;0;Kwasomierz - WinoHobby;Akcesoria i produkty z kategorii Kwasomierz. Wysokiej jakości artykuły w najlepszych cenach.;kwasomierz
188;1;Łyżki i mieszadła;Akcesoria WINIARSKIE;0;Łyżki i mieszadła - WinoHobby;Akcesoria i produkty z kategorii Łyżki i mieszadła. Wysokiej jakości artykuły w najlepszych cenach.;lyzki-i-mieszadla
189;1;Pipety;Akcesoria WINIARSKIE;0;Pipety - WinoHobby;Akcesoria i produkty z kategorii Pipety. Wysokiej jakości artykuły w najlepszych cenach.;pipety
190;1;Prasy do owoców;Akcesoria WINIARSKIE;0;Prasy do owoców - WinoHobby;Akcesoria i produkty z kategorii Prasy do owoców. Wysokiej jakości artykuły w najlepszych cenach.;prasy-do-owocow
191;1;Hydroprasy;Prasy do owoców;0;Hydroprasy - WinoHobby;Akcesoria i produkty z kategorii Hydroprasy. Wysokiej jakości artykuły w najlepszych cenach.;hydroprasy
192;1;Regały na wino;Akcesoria WINIARSKIE;0;Regały na wino - WinoHobby;Akcesoria i produkty z kategorii Regały na wino. Wysokiej jakości artykuły w najlepszych cenach.;regaly-na-wino
193;1;Rozdrabniarki do owoców;Akcesoria WINIARSKIE;0;Rozdrabniarki do owoców - WinoHobby;Akcesoria i produkty z kategorii Rozdrabniarki do owoców. Wysokiej jakości artykuły w najlepszych cenach.;rozdrabniarki-do-owocow
194;1;Rurki fermentacyjne;Akcesoria WINIARSKIE;0;Rurki fermentacyjne - WinoHobby;Akcesoria i produkty z kategorii Rurki fermentacyjne. Wysokiej jakości artykuły w najlepszych cenach.;rurki-fermentacyjne
195;1;Sokowniki;Akcesoria WINIARSKIE;0;Sokowniki - WinoHobby;Akcesoria i produkty z kategorii Sokowniki. Wysokiej jakości artykuły w najlepszych cenach.;sokowniki
196;1;Środki zabezpieczajace i stabilizujące;Akcesoria WINIARSKIE;0;Środki zabezpieczajace i stabilizujące - WinoHobby;Akcesoria i produkty z kategorii Środki zabezpieczajace i stabilizujące. Wysokiej jakości artykuły w najlepszych cenach.;srodki-zabezpieczajace-i-stabilizujace
197;1;Pirosiarczyn / Stoper fermentacji;Środki zabezpieczajace i stabilizujące;0;Pirosiarczyn / Stoper fermentacji - WinoHobby;Akcesoria i produkty z kategorii Pirosiarczyn / Stoper fermentacji. Wysokiej jakości artykuły w najlepszych cenach.;pirosiarczyn-stoper-fermentacji
198;1;Susze owocowo kwiatowe;Akcesoria WINIARSKIE;0;Susze owocowo kwiatowe - WinoHobby;Akcesoria i produkty z kategorii Susze owocowo kwiatowe. Wysokiej jakości artykuły w najlepszych cenach.;susze-owocowo-kwiatowe
199;1;Termometry;Akcesoria WINIARSKIE;0;Termometry - WinoHobby;Akcesoria i produkty z kategorii Termometry. Wysokiej jakości artykuły w najlepszych cenach.;termometry
200;1;Tanina;Akcesoria WINIARSKIE;0;Tanina - WinoHobby;Akcesoria i produkty z kategorii Tanina. Wysokiej jakości artykuły w najlepszych cenach.;tanina
201;1;Węglan wapnia - Odkwaszanie;Akcesoria WINIARSKIE;0;Węglan wapnia - Odkwaszanie - WinoHobby;Akcesoria i produkty z kategorii Węglan wapnia - Odkwaszanie. Wysokiej jakości artykuły w najlepszych cenach.;weglan-wapnia-odkwaszanie
202;1;Zaprawki i Zioła do win i miodów;Akcesoria WINIARSKIE;0;Zaprawki i Zioła do win i miodów - WinoHobby;Akcesoria i produkty z kategorii Zaprawki i Zioła do win i miodów. Wysokiej jakości artykuły w najlepszych cenach.;zaprawki-i-ziola-do-win-i-miodow
203;1;Zestaw winiarski;Akcesoria WINIARSKIE;0;Zestaw winiarski - WinoHobby;Akcesoria i produkty z kategorii Zestaw winiarski. Wysokiej jakości artykuły w najlepszych cenach.;zestaw-winiarski
204;1;Akcesoria Wędliniarskie / Kuchenne;;1;Akcesoria Wędliniarskie / Kuchenne - WinoHobby;Akcesoria i produkty z kategorii Akcesoria Wędliniarskie / Kuchenne. Wysokiej jakości artykuły w najlepszych cenach.;akcesoria-wedliniarskie-kuchenne
205;1;Akcesoria Kuchenne;Akcesoria Wędliniarskie / Kuchenne;0;Akcesoria Kuchenne - WinoHobby;Akcesoria i produkty z kategorii Akcesoria Kuchenne. Wysokiej jakości artykuły w najlepszych cenach.;akcesoria-kuchenne
206;1;GRILLOWE;Akcesoria Wędliniarskie / Kuchenne;0;GRILLOWE - WinoHobby;Akcesoria i produkty z kategorii GRILLOWE. Wysokiej jakości artykuły w najlepszych cenach.;grillowe
207;1;Haki do wędzarni;Akcesoria Wędliniarskie / Kuchenne;0;Haki do wędzarni - WinoHobby;Akcesoria i produkty z kategorii Haki do wędzarni. Wysokiej jakości artykuły w najlepszych cenach.;haki-do-wedzarni
208;1;Jelita naturalne;Akcesoria Wędliniarskie / Kuchenne;0;Jelita naturalne - WinoHobby;Akcesoria i produkty z kategorii Jelita naturalne. Wysokiej jakości artykuły w najlepszych cenach.;jelita-naturalne
209;1;Literatura;Akcesoria Wędliniarskie / Kuchenne;0;Literatura - WinoHobby;Akcesoria i produkty z kategorii Literatura. Wysokiej jakości artykuły w najlepszych cenach.;literatura
210;1;Nastrzykiwarka;Akcesoria Wędliniarskie / Kuchenne;0;Nastrzykiwarka - WinoHobby;Akcesoria i produkty z kategorii Nastrzykiwarka. Wysokiej jakości artykuły w najlepszych cenach.;nastrzykiwarka
211;1;Nici wędliniarskie;Akcesoria Wędliniarskie / Kuchenne;0;Nici wędliniarskie - WinoHobby;Akcesoria i produkty z kategorii Nici wędliniarskie. Wysokiej jakości artykuły w najlepszych cenach.;nici-wedliniarskie
212;1;Osłonki;Akcesoria Wędliniarskie / Kuchenne;0;Osłonki - WinoHobby;Akcesoria i produkty z kategorii Osłonki. Wysokiej jakości artykuły w najlepszych cenach.;oslonki
213;1;Przyprawy;Akcesoria Wędliniarskie / Kuchenne;0;Przyprawy - WinoHobby;Akcesoria i produkty z kategorii Przyprawy. Wysokiej jakości artykuły w najlepszych cenach.;przyprawy
214;1;Saletra;Akcesoria Wędliniarskie / Kuchenne;0;Saletra - WinoHobby;Akcesoria i produkty z kategorii Saletra. Wysokiej jakości artykuły w najlepszych cenach.;saletra
215;1;Siatki;Akcesoria Wędliniarskie / Kuchenne;0;Siatki - WinoHobby;Akcesoria i produkty z kategorii Siatki. Wysokiej jakości artykuły w najlepszych cenach.;siatki
216;1;Solomierz;Akcesoria Wędliniarskie / Kuchenne;0;Solomierz - WinoHobby;Akcesoria i produkty z kategorii Solomierz. Wysokiej jakości artykuły w najlepszych cenach.;solomierz
217;1;Szynkowary;Akcesoria Wędliniarskie / Kuchenne;0;Szynkowary - WinoHobby;Akcesoria i produkty z kategorii Szynkowary. Wysokiej jakości artykuły w najlepszych cenach.;szynkowary
218;1;Szklane deski kuchenne;Akcesoria Wędliniarskie / Kuchenne;0;Szklane deski kuchenne - WinoHobby;Akcesoria i produkty z kategorii Szklane deski kuchenne. Wysokiej jakości artykuły w najlepszych cenach.;szklane-deski-kuchenne
219;1;Termometry;Akcesoria Wędliniarskie / Kuchenne;0;Termometry - WinoHobby;Akcesoria i produkty z kategorii Termometry. Wysokiej jakości artykuły w najlepszych cenach.;termometry
220;1;Waga;Akcesoria Wędliniarskie / Kuchenne;0;Waga - WinoHobby;Akcesoria i produkty z kategorii Waga. Wysokiej jakości artykuły w najlepszych cenach.;waga
221;1;Wędzarnie;Akcesoria Wędliniarskie / Kuchenne;0;Wędzarnie - WinoHobby;Akcesoria i produkty z kategorii Wędzarnie. Wysokiej jakości artykuły w najlepszych cenach.;wedzarnie
222;1;Zakwasy chlebowe;Akcesoria Wędliniarskie / Kuchenne;0;Zakwasy chlebowe - WinoHobby;Akcesoria i produkty z kategorii Zakwasy chlebowe. Wysokiej jakości artykuły w najlepszych cenach.;zakwasy-chlebowe
223;1;Zrębki do wędzenia;Akcesoria Wędliniarskie / Kuchenne;0;Zrębki do wędzenia - WinoHobby;Akcesoria i produkty z kategorii Zrębki do wędzenia. Wysokiej jakości artykuły w najlepszych cenach.;zrebki-do-wedzenia
224;1;Akcesoria laboratoryjne, dodatki, gadżety;;1;Akcesoria laboratoryjne, dodatki, gadżety - WinoHobby;Akcesoria i produkty z kategorii Akcesoria laboratoryjne, dodatki, gadżety. Wysokiej jakości artykuły w najlepszych cenach.;akcesoria-laboratoryjne-dodatki-gadzety
225;1;Butelki laboratoryjne;Akcesoria laboratoryjne, dodatki, gadżety;0;Butelki laboratoryjne - WinoHobby;Akcesoria i produkty z kategorii Butelki laboratoryjne. Wysokiej jakości artykuły w najlepszych cenach.;butelki-laboratoryjne
226;1;Kieliszki i szklanki;Akcesoria laboratoryjne, dodatki, gadżety;0;Kieliszki i szklanki - WinoHobby;Akcesoria i produkty z kategorii Kieliszki i szklanki. Wysokiej jakości artykuły w najlepszych cenach.;kieliszki-i-szklanki
227;1;Kontrola temperatury fermentacji;Akcesoria laboratoryjne, dodatki, gadżety;0;Kontrola temperatury fermentacji - WinoHobby;Akcesoria i produkty z kategorii Kontrola temperatury fermentacji. Wysokiej jakości artykuły w najlepszych cenach.;kontrola-temperatury-fermentacji
228;1;Korkociągi somelierskie;Akcesoria laboratoryjne, dodatki, gadżety;0;Korkociągi somelierskie - WinoHobby;Akcesoria i produkty z kategorii Korkociągi somelierskie. Wysokiej jakości artykuły w najlepszych cenach.;korkociagi-somelierskie
229;1;Łyżki i szufelki;Akcesoria laboratoryjne, dodatki, gadżety;0;Łyżki i szufelki - WinoHobby;Akcesoria i produkty z kategorii Łyżki i szufelki. Wysokiej jakości artykuły w najlepszych cenach.;lyzki-i-szufelki
230;1;Menzurki Zlewki Probówki Kolby Cylindry;Akcesoria laboratoryjne, dodatki, gadżety;0;Menzurki Zlewki Probówki Kolby Cylindry - WinoHobby;Akcesoria i produkty z kategorii Menzurki Zlewki Probówki Kolby Cylindry. Wysokiej jakości artykuły w najlepszych cenach.;menzurki-zlewki-probowki-kolby-cylindry
231;1;Cylindry;Menzurki Zlewki Probówki Kolby Cylindry;0;Cylindry - WinoHobby;Akcesoria i produkty z kategorii Cylindry. Wysokiej jakości artykuły w najlepszych cenach.;cylindry
232;1;Kolby szklane;Menzurki Zlewki Probówki Kolby Cylindry;0;Kolby szklane - WinoHobby;Akcesoria i produkty z kategorii Kolby szklane. Wysokiej jakości artykuły w najlepszych cenach.;kolby-szklane
233;1;Kolby PP;Menzurki Zlewki Probówki Kolby Cylindry;0;Kolby PP - WinoHobby;Akcesoria i produkty z kategorii Kolby PP. Wysokiej jakości artykuły w najlepszych cenach.;kolby-pp
234;1;Menzurki;Menzurki Zlewki Probówki Kolby Cylindry;0;Menzurki - WinoHobby;Akcesoria i produkty z kategorii Menzurki. Wysokiej jakości artykuły w najlepszych cenach.;menzurki
235;1;Probówki;Menzurki Zlewki Probówki Kolby Cylindry;0;Probówki - WinoHobby;Akcesoria i produkty z kategorii Probówki. Wysokiej jakości artykuły w najlepszych cenach.;probowki
236;1;Zlewki;Menzurki Zlewki Probówki Kolby Cylindry;0;Zlewki - WinoHobby;Akcesoria i produkty z kategorii Zlewki. Wysokiej jakości artykuły w najlepszych cenach.;zlewki
237;1;Metalowe reklamy, tin sign;Akcesoria laboratoryjne, dodatki, gadżety;0;Metalowe reklamy, tin sign - WinoHobby;Akcesoria i produkty z kategorii Metalowe reklamy, tin sign. Wysokiej jakości artykuły w najlepszych cenach.;metalowe-reklamy-tin-sign
238;1;Metalowe reklamy tin sign ALKOHOLE;Metalowe reklamy, tin sign;0;Metalowe reklamy tin sign ALKOHOLE - WinoHobby;Akcesoria i produkty z kategorii Metalowe reklamy tin sign ALKOHOLE. Wysokiej jakości artykuły w najlepszych cenach.;metalowe-reklamy-tin-sign-alkohole
239;1;Mieszadło magnetyczne;Akcesoria laboratoryjne, dodatki, gadżety;0;Mieszadło magnetyczne - WinoHobby;Akcesoria i produkty z kategorii Mieszadło magnetyczne. Wysokiej jakości artykuły w najlepszych cenach.;mieszadlo-magnetyczne
240;1;Paski lakmusowe, pH meter;Akcesoria laboratoryjne, dodatki, gadżety;0;Paski lakmusowe, pH meter - WinoHobby;Akcesoria i produkty z kategorii Paski lakmusowe, pH meter. Wysokiej jakości artykuły w najlepszych cenach.;paski-lakmusowe-ph-meter
241;1;Pipety precyzyjne;Akcesoria laboratoryjne, dodatki, gadżety;0;Pipety precyzyjne - WinoHobby;Akcesoria i produkty z kategorii Pipety precyzyjne. Wysokiej jakości artykuły w najlepszych cenach.;pipety-precyzyjne
242;1;Pompy;Akcesoria laboratoryjne, dodatki, gadżety;0;Pompy - WinoHobby;Akcesoria i produkty z kategorii Pompy. Wysokiej jakości artykuły w najlepszych cenach.;pompy
243;1;PRODUKTY KILNER;Akcesoria laboratoryjne, dodatki, gadżety;0;PRODUKTY KILNER - WinoHobby;Akcesoria i produkty z kategorii PRODUKTY KILNER. Wysokiej jakości artykuły w najlepszych cenach.;produkty-kilner
244;1;Refraktometr;Akcesoria laboratoryjne, dodatki, gadżety;0;Refraktometr - WinoHobby;Akcesoria i produkty z kategorii Refraktometr. Wysokiej jakości artykuły w najlepszych cenach.;refraktometr
245;1;Rurki Wężyki Złączki Cybanty;Akcesoria laboratoryjne, dodatki, gadżety;0;Rurki Wężyki Złączki Cybanty - WinoHobby;Akcesoria i produkty z kategorii Rurki Wężyki Złączki Cybanty. Wysokiej jakości artykuły w najlepszych cenach.;rurki-wezyki-zlaczki-cybanty
246;1;Cybanty - zaciski do węży;Rurki Wężyki Złączki Cybanty;0;Cybanty - zaciski do węży - WinoHobby;Akcesoria i produkty z kategorii Cybanty - zaciski do węży. Wysokiej jakości artykuły w najlepszych cenach.;cybanty-zaciski-do-wezy
247;1;Do obciągu wina;Rurki Wężyki Złączki Cybanty;0;Do obciągu wina - WinoHobby;Akcesoria i produkty z kategorii Do obciągu wina. Wysokiej jakości artykuły w najlepszych cenach.;do-obciagu-wina
248;1;Płyty silikonowe;Rurki Wężyki Złączki Cybanty;0;Płyty silikonowe - WinoHobby;Akcesoria i produkty z kategorii Płyty silikonowe. Wysokiej jakości artykuły w najlepszych cenach.;plyty-silikonowe
249;1;Przewody silikonowo-igielitowe;Rurki Wężyki Złączki Cybanty;0;Przewody silikonowo-igielitowe - WinoHobby;Akcesoria i produkty z kategorii Przewody silikonowo-igielitowe. Wysokiej jakości artykuły w najlepszych cenach.;przewody-silikonowo-igielitowe
250;1;Przewody silikonowe;Rurki Wężyki Złączki Cybanty;0;Przewody silikonowe - WinoHobby;Akcesoria i produkty z kategorii Przewody silikonowe. Wysokiej jakości artykuły w najlepszych cenach.;przewody-silikonowe
251;1;Syfony automatyczne do zlewania;Rurki Wężyki Złączki Cybanty;0;Syfony automatyczne do zlewania - WinoHobby;Akcesoria i produkty z kategorii Syfony automatyczne do zlewania. Wysokiej jakości artykuły w najlepszych cenach.;syfony-automatyczne-do-zlewania
252;1;Zaworki grawitacyjne;Rurki Wężyki Złączki Cybanty;0;Zaworki grawitacyjne - WinoHobby;Akcesoria i produkty z kategorii Zaworki grawitacyjne. Wysokiej jakości artykuły w najlepszych cenach.;zaworki-grawitacyjne
253;1;Zestaw wężyków do destylatora;Rurki Wężyki Złączki Cybanty;0;Zestaw wężyków do destylatora - WinoHobby;Akcesoria i produkty z kategorii Zestaw wężyków do destylatora. Wysokiej jakości artykuły w najlepszych cenach.;zestaw-wezykow-do-destylatora
254;1;Złączki Przejściówki;Rurki Wężyki Złączki Cybanty;0;Złączki Przejściówki - WinoHobby;Akcesoria i produkty z kategorii Złączki Przejściówki. Wysokiej jakości artykuły w najlepszych cenach.;zlaczki-przejsciowki
255;1;Spryskiwacze;Akcesoria laboratoryjne, dodatki, gadżety;0;Spryskiwacze - WinoHobby;Akcesoria i produkty z kategorii Spryskiwacze. Wysokiej jakości artykuły w najlepszych cenach.;spryskiwacze
256;1;Uchwyty barowe na butelki;Akcesoria laboratoryjne, dodatki, gadżety;0;Uchwyty barowe na butelki - WinoHobby;Akcesoria i produkty z kategorii Uchwyty barowe na butelki. Wysokiej jakości artykuły w najlepszych cenach.;uchwyty-barowe-na-butelki
257;1;Warnik do wody;Akcesoria laboratoryjne, dodatki, gadżety;0;Warnik do wody - WinoHobby;Akcesoria i produkty z kategorii Warnik do wody. Wysokiej jakości artykuły w najlepszych cenach.;warnik-do-wody
258;1;Butelki, słoje, kapturki, dodatki;;1;Butelki, słoje, kapturki, dodatki - WinoHobby;Akcesoria i produkty z kategorii Butelki, słoje, kapturki, dodatki. Wysokiej jakości artykuły w najlepszych cenach.;butelki-sloje-kapturki-dodatki
259;1;Butelki i słoje z EKO szkła;Butelki, słoje, kapturki, dodatki;0;Butelki i słoje z EKO szkła - WinoHobby;Akcesoria i produkty z kategorii Butelki i słoje z EKO szkła. Wysokiej jakości artykuły w najlepszych cenach.;butelki-i-sloje-z-eko-szkla
260;1;Beczki szklane z kranem;Butelki, słoje, kapturki, dodatki;0;Beczki szklane z kranem - WinoHobby;Akcesoria i produkty z kategorii Beczki szklane z kranem. Wysokiej jakości artykuły w najlepszych cenach.;beczki-szklane-z-kranem
261;1;Butelki laboratoryjne;Butelki, słoje, kapturki, dodatki;0;Butelki laboratoryjne - WinoHobby;Akcesoria i produkty z kategorii Butelki laboratoryjne. Wysokiej jakości artykuły w najlepszych cenach.;butelki-laboratoryjne
262;1;Butelki 0 - 249ml;Butelki, słoje, kapturki, dodatki;0;Butelki 0 - 249ml - WinoHobby;Akcesoria i produkty z kategorii Butelki 0 - 249ml. Wysokiej jakości artykuły w najlepszych cenach.;butelki-0-249ml
263;1;Butelki 250 - 350ml;Butelki, słoje, kapturki, dodatki;0;Butelki 250 - 350ml - WinoHobby;Akcesoria i produkty z kategorii Butelki 250 - 350ml. Wysokiej jakości artykuły w najlepszych cenach.;butelki-250-350ml
264;1;Butelki 351 - 500ml;Butelki, słoje, kapturki, dodatki;0;Butelki 351 - 500ml - WinoHobby;Akcesoria i produkty z kategorii Butelki 351 - 500ml. Wysokiej jakości artykuły w najlepszych cenach.;butelki-351-500ml
265;1;Butelki 501 - 999ml;Butelki, słoje, kapturki, dodatki;0;Butelki 501 - 999ml - WinoHobby;Akcesoria i produkty z kategorii Butelki 501 - 999ml. Wysokiej jakości artykuły w najlepszych cenach.;butelki-501-999ml
266;1;Butelki -999ml;Butelki, słoje, kapturki, dodatki;0;Butelki -999ml - WinoHobby;Akcesoria i produkty z kategorii Butelki -999ml. Wysokiej jakości artykuły w najlepszych cenach.;butelki-999ml
267;1;Butelki PET;Butelki, słoje, kapturki, dodatki;0;Butelki PET - WinoHobby;Akcesoria i produkty z kategorii Butelki PET. Wysokiej jakości artykuły w najlepszych cenach.;butelki-pet
268;1;Butelki spirytusowe;Butelki, słoje, kapturki, dodatki;0;Butelki spirytusowe - WinoHobby;Akcesoria i produkty z kategorii Butelki spirytusowe. Wysokiej jakości artykuły w najlepszych cenach.;butelki-spirytusowe
269;1;Butelki Gąsiorki;Butelki, słoje, kapturki, dodatki;0;Butelki Gąsiorki - WinoHobby;Akcesoria i produkty z kategorii Butelki Gąsiorki. Wysokiej jakości artykuły w najlepszych cenach.;butelki-gasiorki
270;1;Butelki Gallone;Butelki, słoje, kapturki, dodatki;0;Butelki Gallone - WinoHobby;Akcesoria i produkty z kategorii Butelki Gallone. Wysokiej jakości artykuły w najlepszych cenach.;butelki-gallone
271;1;Butelki Maraska;Butelki, słoje, kapturki, dodatki;0;Butelki Maraska - WinoHobby;Akcesoria i produkty z kategorii Butelki Maraska. Wysokiej jakości artykuły w najlepszych cenach.;butelki-maraska
272;1;Butelki na piwo / cydr;Butelki, słoje, kapturki, dodatki;0;Butelki na piwo / cydr - WinoHobby;Akcesoria i produkty z kategorii Butelki na piwo / cydr. Wysokiej jakości artykuły w najlepszych cenach.;butelki-na-piwo-cydr
273;1;Butelki z kranem;Butelki, słoje, kapturki, dodatki;0;Butelki z kranem - WinoHobby;Akcesoria i produkty z kategorii Butelki z kranem. Wysokiej jakości artykuły w najlepszych cenach.;butelki-z-kranem
274;1;Butelki na wino;Butelki, słoje, kapturki, dodatki;0;Butelki na wino - WinoHobby;Akcesoria i produkty z kategorii Butelki na wino. Wysokiej jakości artykuły w najlepszych cenach.;butelki-na-wino
275;1;Butelki do szampana;Butelki, słoje, kapturki, dodatki;0;Butelki do szampana - WinoHobby;Akcesoria i produkty z kategorii Butelki do szampana. Wysokiej jakości artykuły w najlepszych cenach.;butelki-do-szampana
276;1;Butelki do miodów;Butelki, słoje, kapturki, dodatki;0;Butelki do miodów - WinoHobby;Akcesoria i produkty z kategorii Butelki do miodów. Wysokiej jakości artykuły w najlepszych cenach.;butelki-do-miodow
277;1;Butelki ozdobne;Butelki, słoje, kapturki, dodatki;0;Butelki ozdobne - WinoHobby;Akcesoria i produkty z kategorii Butelki ozdobne. Wysokiej jakości artykuły w najlepszych cenach.;butelki-ozdobne
278;1;Dezynfekcja, mycie, płukanie butelek;Butelki, słoje, kapturki, dodatki;0;Dezynfekcja, mycie, płukanie butelek - WinoHobby;Akcesoria i produkty z kategorii Dezynfekcja, mycie, płukanie butelek. Wysokiej jakości artykuły w najlepszych cenach.;dezynfekcja-mycie-plukanie-butelek
279;1;Dysza, myjka do płukania butelek;Butelki, słoje, kapturki, dodatki;0;Dysza, myjka do płukania butelek - WinoHobby;Akcesoria i produkty z kategorii Dysza, myjka do płukania butelek. Wysokiej jakości artykuły w najlepszych cenach.;dysza-myjka-do-plukania-butelek
280;1;Gumki do zamknięć patentowych;Butelki, słoje, kapturki, dodatki;0;Gumki do zamknięć patentowych - WinoHobby;Akcesoria i produkty z kategorii Gumki do zamknięć patentowych. Wysokiej jakości artykuły w najlepszych cenach.;gumki-do-zamkniec-patentowych
281;1;Kapturki termokurczliwe;Butelki, słoje, kapturki, dodatki;0;Kapturki termokurczliwe - WinoHobby;Akcesoria i produkty z kategorii Kapturki termokurczliwe. Wysokiej jakości artykuły w najlepszych cenach.;kapturki-termokurczliwe
282;1;Karafki;Butelki, słoje, kapturki, dodatki;0;Karafki - WinoHobby;Akcesoria i produkty z kategorii Karafki. Wysokiej jakości artykuły w najlepszych cenach.;karafki
283;1;Korki Zakrętki Kapsle Nalewaki;Butelki, słoje, kapturki, dodatki;0;Korki Zakrętki Kapsle Nalewaki - WinoHobby;Akcesoria i produkty z kategorii Korki Zakrętki Kapsle Nalewaki. Wysokiej jakości artykuły w najlepszych cenach.;korki-zakretki-kapsle-nalewaki
284;1;Korki stożkowe;Korki Zakrętki Kapsle Nalewaki;0;Korki stożkowe - WinoHobby;Akcesoria i produkty z kategorii Korki stożkowe. Wysokiej jakości artykuły w najlepszych cenach.;korki-stozkowe
285;1;Kapsle;Korki Zakrętki Kapsle Nalewaki;0;Kapsle - WinoHobby;Akcesoria i produkty z kategorii Kapsle. Wysokiej jakości artykuły w najlepszych cenach.;kapsle
286;1;Korki do balonów aglomerowane;Korki Zakrętki Kapsle Nalewaki;0;Korki do balonów aglomerowane - WinoHobby;Akcesoria i produkty z kategorii Korki do balonów aglomerowane. Wysokiej jakości artykuły w najlepszych cenach.;korki-do-balonow-aglomerowane
287;1;Korki do balonów;Korki Zakrętki Kapsle Nalewaki;0;Korki do balonów - WinoHobby;Akcesoria i produkty z kategorii Korki do balonów. Wysokiej jakości artykuły w najlepszych cenach.;korki-do-balonow
288;1;Korki do balonów lite;Korki Zakrętki Kapsle Nalewaki;0;Korki do balonów lite - WinoHobby;Akcesoria i produkty z kategorii Korki do balonów lite. Wysokiej jakości artykuły w najlepszych cenach.;korki-do-balonow-lite
289;1;Korki do butelek;Korki Zakrętki Kapsle Nalewaki;0;Korki do butelek - WinoHobby;Akcesoria i produkty z kategorii Korki do butelek. Wysokiej jakości artykuły w najlepszych cenach.;korki-do-butelek
290;1;"Korki do butelek ""grzybek""";Korki Zakrętki Kapsle Nalewaki;0;"Korki do butelek ""grzybek"" - WinoHobby";"Akcesoria i produkty z kategorii Korki do butelek ""grzybek"". Wysokiej jakości artykuły w najlepszych cenach.";korki-do-butelek-grzybek
291;1;Korki do butelek stożkowe;Korki Zakrętki Kapsle Nalewaki;0;Korki do butelek stożkowe - WinoHobby;Akcesoria i produkty z kategorii Korki do butelek stożkowe. Wysokiej jakości artykuły w najlepszych cenach.;korki-do-butelek-stozkowe
292;1;Korki gumowe mini;Korki Zakrętki Kapsle Nalewaki;0;Korki gumowe mini - WinoHobby;Akcesoria i produkty z kategorii Korki gumowe mini. Wysokiej jakości artykuły w najlepszych cenach.;korki-gumowe-mini
293;1;Korki ozdobne;Korki Zakrętki Kapsle Nalewaki;0;Korki ozdobne - WinoHobby;Akcesoria i produkty z kategorii Korki ozdobne. Wysokiej jakości artykuły w najlepszych cenach.;korki-ozdobne
294;1;Korki silikonowe do beczek i zbiorników;Korki Zakrętki Kapsle Nalewaki;0;Korki silikonowe do beczek i zbiorników - WinoHobby;Akcesoria i produkty z kategorii Korki silikonowe do beczek i zbiorników. Wysokiej jakości artykuły w najlepszych cenach.;korki-silikonowe-do-beczek-i-zbiornikow
295;1;Nalewaki;Korki Zakrętki Kapsle Nalewaki;0;Nalewaki - WinoHobby;Akcesoria i produkty z kategorii Nalewaki. Wysokiej jakości artykuły w najlepszych cenach.;nalewaki
296;1;Zamknięcia do szampana;Korki Zakrętki Kapsle Nalewaki;0;Zamknięcia do szampana - WinoHobby;Akcesoria i produkty z kategorii Zamknięcia do szampana. Wysokiej jakości artykuły w najlepszych cenach.;zamkniecia-do-szampana
297;1;Zakrętki GCMI;Korki Zakrętki Kapsle Nalewaki;0;Zakrętki GCMI - WinoHobby;Akcesoria i produkty z kategorii Zakrętki GCMI. Wysokiej jakości artykuły w najlepszych cenach.;zakretki-gcmi
298;1;Zakrętki;Korki Zakrętki Kapsle Nalewaki;0;Zakrętki - WinoHobby;Akcesoria i produkty z kategorii Zakrętki. Wysokiej jakości artykuły w najlepszych cenach.;zakretki
299;1;Zamknięcia hermetyczne;Korki Zakrętki Kapsle Nalewaki;0;Zamknięcia hermetyczne - WinoHobby;Akcesoria i produkty z kategorii Zamknięcia hermetyczne. Wysokiej jakości artykuły w najlepszych cenach.;zamkniecia-hermetyczne
300;1;Kraniki plastikowe;Butelki, słoje, kapturki, dodatki;0;Kraniki plastikowe - WinoHobby;Akcesoria i produkty z kategorii Kraniki plastikowe. Wysokiej jakości artykuły w najlepszych cenach.;kraniki-plastikowe
301;1;Lak;Butelki, słoje, kapturki, dodatki;0;Lak - WinoHobby;Akcesoria i produkty z kategorii Lak. Wysokiej jakości artykuły w najlepszych cenach.;lak
302;1;Lejki;Butelki, słoje, kapturki, dodatki;0;Lejki - WinoHobby;Akcesoria i produkty z kategorii Lejki. Wysokiej jakości artykuły w najlepszych cenach.;lejki
303;1;Nalewak do butelek;Butelki, słoje, kapturki, dodatki;0;Nalewak do butelek - WinoHobby;Akcesoria i produkty z kategorii Nalewak do butelek. Wysokiej jakości artykuły w najlepszych cenach.;nalewak-do-butelek
304;1;Słoiki do picia;Butelki, słoje, kapturki, dodatki;0;Słoiki do picia - WinoHobby;Akcesoria i produkty z kategorii Słoiki do picia. Wysokiej jakości artykuły w najlepszych cenach.;sloiki-do-picia
305;1;Słoje na nalewki;Butelki, słoje, kapturki, dodatki;0;Słoje na nalewki - WinoHobby;Akcesoria i produkty z kategorii Słoje na nalewki. Wysokiej jakości artykuły w najlepszych cenach.;sloje-na-nalewki
306;1;Słoje na zakrętkę;Butelki, słoje, kapturki, dodatki;0;Słoje na zakrętkę - WinoHobby;Akcesoria i produkty z kategorii Słoje na zakrętkę. Wysokiej jakości artykuły w najlepszych cenach.;sloje-na-zakretke
307;1;Słoje z kranem;Butelki, słoje, kapturki, dodatki;0;Słoje z kranem - WinoHobby;Akcesoria i produkty z kategorii Słoje z kranem. Wysokiej jakości artykuły w najlepszych cenach.;sloje-z-kranem
308;1;Słoje z pokrywą CLIP TOP;Butelki, słoje, kapturki, dodatki;0;Słoje z pokrywą CLIP TOP - WinoHobby;Akcesoria i produkty z kategorii Słoje z pokrywą CLIP TOP. Wysokiej jakości artykuły w najlepszych cenach.;sloje-z-pokrywa-clip-top
309;1;Słoje z pokrywą szklaną;Butelki, słoje, kapturki, dodatki;0;Słoje z pokrywą szklaną - WinoHobby;Akcesoria i produkty z kategorii Słoje z pokrywą szklaną. Wysokiej jakości artykuły w najlepszych cenach.;sloje-z-pokrywa-szklana
310;1;Suszarka do butelek;Butelki, słoje, kapturki, dodatki;0;Suszarka do butelek - WinoHobby;Akcesoria i produkty z kategorii Suszarka do butelek. Wysokiej jakości artykuły w najlepszych cenach.;suszarka-do-butelek
311;1;Zestaw nalewkowy;Butelki, słoje, kapturki, dodatki;0;Zestaw nalewkowy - WinoHobby;Akcesoria i produkty z kategorii Zestaw nalewkowy. Wysokiej jakości artykuły w najlepszych cenach.;zestaw-nalewkowy
312;1;Zamykacz do zakrętek;Butelki, słoje, kapturki, dodatki;0;Zamykacz do zakrętek - WinoHobby;Akcesoria i produkty z kategorii Zamykacz do zakrętek. Wysokiej jakości artykuły w najlepszych cenach.;zamykacz-do-zakretek
313;1;Płatki dębowe;;1;Płatki dębowe - WinoHobby;Akcesoria i produkty z kategorii Płatki dębowe. Wysokiej jakości artykuły w najlepszych cenach.;platki-debowe
314;1;Płatki dębowe - amerykańskie;Płatki dębowe;0;Płatki dębowe - amerykańskie - WinoHobby;Akcesoria i produkty z kategorii Płatki dębowe - amerykańskie. Wysokiej jakości artykuły w najlepszych cenach.;platki-debowe-amerykanskie
315;1;Płatki dębowe - francuskie;Płatki dębowe;0;Płatki dębowe - francuskie - WinoHobby;Akcesoria i produkty z kategorii Płatki dębowe - francuskie. Wysokiej jakości artykuły w najlepszych cenach.;platki-debowe-francuskie
316;1;Płatki dębowe - Mocca, Vanilla, Toffi, Karmel, Lukrecja;Płatki dębowe;0;Płatki dębowe - Mocca, Vanilla, Toffi, Karmel, Lukrecja - WinoHobby;Akcesoria i produkty z kategorii Płatki dębowe - Mocca, Vanilla, Toffi, Karmel, Lukrecja. Wysokiej jakości artykuły w najlepszych cenach.;platki-debowe-mocca-vanilla-toffi-karmel-lukrecja
317;1;Kostki i klepki dębowe - francuskie;Płatki dębowe;0;Kostki i klepki dębowe - francuskie - WinoHobby;Akcesoria i produkty z kategorii Kostki i klepki dębowe - francuskie. Wysokiej jakości artykuły w najlepszych cenach.;kostki-i-klepki-debowe-francuskie
318;1;Płatki dębowe - BOURBON, KONIAK, SHERRY, RUM;Płatki dębowe;0;Płatki dębowe - BOURBON, KONIAK, SHERRY, RUM - WinoHobby;Akcesoria i produkty z kategorii Płatki dębowe - BOURBON, KONIAK, SHERRY, RUM. Wysokiej jakości artykuły w najlepszych cenach.;platki-debowe-bourbon-koniak-sherry-rum
319;1;Płatki drzew owocowych;Płatki dębowe;0;Płatki drzew owocowych - WinoHobby;Akcesoria i produkty z kategorii Płatki drzew owocowych. Wysokiej jakości artykuły w najlepszych cenach.;platki-drzew-owocowych
320;1;Płatki, zrębki, kostki do wędzenia;Płatki dębowe;0;Płatki, zrębki, kostki do wędzenia - WinoHobby;Akcesoria i produkty z kategorii Płatki, zrębki, kostki do wędzenia. Wysokiej jakości artykuły w najlepszych cenach.;platki-zrebki-kostki-do-wedzenia
321;1;Tuby na płatki dębowe;Płatki dębowe;0;Tuby na płatki dębowe - WinoHobby;Akcesoria i produkty z kategorii Tuby na płatki dębowe. Wysokiej jakości artykuły w najlepszych cenach.;tuby-na-platki-debowe
322;1;Worki bawełniane na płatki;Płatki dębowe;0;Worki bawełniane na płatki - WinoHobby;Akcesoria i produkty z kategorii Worki bawełniane na płatki. Wysokiej jakości artykuły w najlepszych cenach.;worki-bawelniane-na-platki
323;1;WYPRZEDAŻE;;1;WYPRZEDAŻE - WinoHobby;Akcesoria i produkty z kategorii WYPRZEDAŻE. Wysokiej jakości artykuły w najlepszych cenach.;wyprzedaze
324;1;Nowości;;1;Nowości - WinoHobby;Akcesoria i produkty z kategorii Nowości. Wysokiej jakości artykuły w najlepszych cenach.;nowosci
325;1;Promocje;;1;Promocje - WinoHobby;Akcesoria i produkty z kategorii Promocje. Wysokiej jakości artykuły w najlepszych cenach.;promocje
